id,filename,class_name,fold
0,100032-3-0-0.wav,dog_bark,5
1,100648-1-0-0.wav,car_horn,10
2,100648-1-1-0.wav,car_horn,10
3,100648-1-2-0.wav,car_horn,10
4,100648-1-3-0.wav,car_horn,10
5,100648-1-4-0.wav,car_horn,10
6,100652-3-0-0.wav,dog_bark,2
7,100652-3-0-1.wav,dog_bark,2
8,100652-3-0-2.wav,dog_bark,2
9,100652-3-0-3.wav,dog_bark,2
10,100795-3-0-0.wav,dog_bark,10
11,100795-3-1-0.wav,dog_bark,10
12,100795-3-1-1.wav,dog_bark,10
13,100795-3-1-2.wav,dog_bark,10
14,101281-3-0-0.wav,dog_bark,6
15,101281-3-0-14.wav,dog_bark,6
16,101281-3-0-5.wav,dog_bark,6
17,101415-3-0-2.wav,dog_bark,1
18,101415-3-0-3.wav,dog_bark,1
19,101415-3-0-8.wav,dog_bark,1
20,102102-3-0-0.wav,dog_bark,4
21,102103-3-0-0.wav,dog_bark,10
22,102103-3-1-0.wav,dog_bark,10
23,102104-3-0-0.wav,dog_bark,2
24,102105-3-0-0.wav,dog_bark,3
25,102106-3-0-0.wav,dog_bark,1
26,102305-6-0-0.wav,gun_shot,1
27,102547-3-0-2.wav,dog_bark,5
28,102547-3-0-7.wav,dog_bark,5
29,102547-3-0-8.wav,dog_bark,5
30,102842-3-0-1.wav,dog_bark,1
31,102842-3-1-0.wav,dog_bark,1
32,102842-3-1-5.wav,dog_bark,1
33,102842-3-1-6.wav,dog_bark,1
34,102853-8-0-0.wav,siren,7
35,102853-8-0-1.wav,siren,7
36,102853-8-0-2.wav,siren,7
37,102853-8-0-3.wav,siren,7
38,102853-8-0-4.wav,siren,7
39,102853-8-0-5.wav,siren,7
40,102853-8-0-6.wav,siren,7
41,102853-8-1-0.wav,siren,7
42,102871-8-0-0.wav,siren,2
43,102871-8-0-1.wav,siren,2
44,102871-8-0-10.wav,siren,2
45,102871-8-0-11.wav,siren,2
46,102871-8-0-12.wav,siren,2
47,102871-8-0-13.wav,siren,2
48,102871-8-0-14.wav,siren,2
49,102871-8-0-15.wav,siren,2
50,102871-8-0-2.wav,siren,2
51,102871-8-0-3.wav,siren,2
52,102871-8-0-4.wav,siren,2
53,102871-8-0-5.wav,siren,2
54,102871-8-0-6.wav,siren,2
55,102871-8-0-7.wav,siren,2
56,102871-8-0-8.wav,siren,2
57,102871-8-0-9.wav,siren,2
58,103076-3-0-0.wav,dog_bark,8
59,103076-3-1-0.wav,dog_bark,8
60,103076-3-2-0.wav,dog_bark,8
61,105088-3-0-10.wav,dog_bark,9
62,105088-3-0-11.wav,dog_bark,9
63,105088-3-0-19.wav,dog_bark,9
64,105088-3-0-8.wav,dog_bark,9
65,105289-8-0-0.wav,siren,7
66,105289-8-0-1.wav,siren,7
67,105289-8-0-2.wav,siren,7
68,105289-8-0-3.wav,siren,7
69,105289-8-0-4.wav,siren,7
70,105289-8-0-5.wav,siren,7
71,105289-8-1-0.wav,siren,7
72,105289-8-1-1.wav,siren,7
73,105289-8-1-2.wav,siren,7
74,105289-8-1-3.wav,siren,7
75,105289-8-1-4.wav,siren,7
76,105289-8-2-0.wav,siren,7
77,105289-8-2-1.wav,siren,7
78,105289-8-2-2.wav,siren,7
79,105289-8-2-3.wav,siren,7
80,105289-8-2-4.wav,siren,7
81,105289-8-2-5.wav,siren,7
82,105289-8-2-6.wav,siren,7
83,105289-8-2-7.wav,siren,7
84,105319-3-0-22.wav,dog_bark,6
85,105319-3-0-29.wav,dog_bark,6
86,105319-3-0-39.wav,dog_bark,6
87,106905-8-0-0.wav,siren,1
88,106905-8-0-1.wav,siren,1
89,106905-8-0-2.wav,siren,1
90,106905-8-0-3.wav,siren,1
91,106955-6-0-0.wav,gun_shot,9
92,107090-1-0-0.wav,car_horn,8
93,107090-1-1-0.wav,car_horn,8
94,107190-3-0-0.wav,dog_bark,8
95,107357-8-0-0.wav,siren,7
96,107357-8-0-1.wav,siren,7
97,107357-8-0-2.wav,siren,7
98,107357-8-0-3.wav,siren,7
99,107357-8-0-4.wav,siren,7
100,107357-8-0-5.wav,siren,7
101,107357-8-0-6.wav,siren,7
102,107357-8-0-7.wav,siren,7
103,107357-8-0-8.wav,siren,7
104,107357-8-1-0.wav,siren,7
105,107357-8-1-1.wav,siren,7
106,107357-8-1-10.wav,siren,7
107,107357-8-1-11.wav,siren,7
108,107357-8-1-12.wav,siren,7
109,107357-8-1-13.wav,siren,7
110,107357-8-1-14.wav,siren,7
111,107357-8-1-15.wav,siren,7
112,107357-8-1-16.wav,siren,7
113,107357-8-1-17.wav,siren,7
114,107357-8-1-18.wav,siren,7
115,107357-8-1-2.wav,siren,7
116,107357-8-1-3.wav,siren,7
117,107357-8-1-4.wav,siren,7
118,107357-8-1-5.wav,siren,7
119,107357-8-1-6.wav,siren,7
120,107357-8-1-7.wav,siren,7
121,107357-8-1-8.wav,siren,7
122,107357-8-1-9.wav,siren,7
123,108187-3-2-0.wav,dog_bark,2
124,108187-3-3-0.wav,dog_bark,2
125,108187-3-4-0.wav,dog_bark,2
126,108187-3-6-0.wav,dog_bark,2
127,109233-3-0-3.wav,dog_bark,6
128,109233-3-0-4.wav,dog_bark,6
129,109233-3-0-5.wav,dog_bark,6
130,109233-3-0-6.wav,dog_bark,6
131,109711-3-1-0.wav,dog_bark,4
132,109711-3-2-4.wav,dog_bark,4
133,109711-3-2-6.wav,dog_bark,4
134,110134-3-0-0.wav,dog_bark,8
135,110371-3-0-1.wav,dog_bark,5
136,110371-3-1-0.wav,dog_bark,5
137,110371-3-1-1.wav,dog_bark,5
138,110389-3-0-0.wav,dog_bark,9
139,110622-6-0-0.wav,gun_shot,3
140,110688-3-0-11.wav,dog_bark,8
141,110688-3-0-17.wav,dog_bark,8
142,110688-3-0-2.wav,dog_bark,8
143,110688-3-0-32.wav,dog_bark,8
144,110918-3-0-1.wav,dog_bark,7
145,110918-3-0-26.wav,dog_bark,7
146,110918-3-0-40.wav,dog_bark,7
147,110918-3-0-9.wav,dog_bark,7
148,111048-6-0-0.wav,gun_shot,6
149,111671-8-0-0.wav,siren,5
150,111671-8-0-1.wav,siren,5
151,111671-8-0-10.wav,siren,5
152,111671-8-0-11.wav,siren,5
153,111671-8-0-12.wav,siren,5
154,111671-8-0-13.wav,siren,5
155,111671-8-0-14.wav,siren,5
156,111671-8-0-15.wav,siren,5
157,111671-8-0-16.wav,siren,5
158,111671-8-0-17.wav,siren,5
159,111671-8-0-18.wav,siren,5
160,111671-8-0-19.wav,siren,5
161,111671-8-0-2.wav,siren,5
162,111671-8-0-20.wav,siren,5
163,111671-8-0-21.wav,siren,5
164,111671-8-0-22.wav,siren,5
165,111671-8-0-3.wav,siren,5
166,111671-8-0-4.wav,siren,5
167,111671-8-0-5.wav,siren,5
168,111671-8-0-6.wav,siren,5
169,111671-8-0-7.wav,siren,5
170,111671-8-0-8.wav,siren,5
171,111671-8-0-9.wav,siren,5
172,112195-3-0-38.wav,dog_bark,2
173,112195-3-0-48.wav,dog_bark,2
174,112195-3-0-57.wav,dog_bark,2
175,112195-3-0-80.wav,dog_bark,2
176,113160-8-0-0.wav,siren,4
177,113785-3-0-0.wav,dog_bark,2
178,113785-3-1-0.wav,dog_bark,2
179,114280-3-0-0.wav,dog_bark,8
180,114280-3-0-1.wav,dog_bark,8
181,114587-3-0-2.wav,dog_bark,1
182,114587-3-0-4.wav,dog_bark,1
183,114587-3-0-5.wav,dog_bark,1
184,114587-3-0-7.wav,dog_bark,1
185,115411-3-0-0.wav,dog_bark,7
186,115411-3-2-0.wav,dog_bark,7
187,115411-3-3-0.wav,dog_bark,7
188,115535-3-0-0.wav,dog_bark,4
189,115536-3-0-0.wav,dog_bark,3
190,115537-3-0-0.wav,dog_bark,2
191,116163-3-0-0.wav,dog_bark,5
192,116163-3-1-0.wav,dog_bark,5
193,116163-3-2-0.wav,dog_bark,5
194,116400-3-0-2.wav,dog_bark,3
195,116400-3-1-0.wav,dog_bark,3
196,116400-3-1-1.wav,dog_bark,3
197,116400-3-1-2.wav,dog_bark,3
198,116483-3-0-1.wav,dog_bark,9
199,116483-3-0-2.wav,dog_bark,9
200,116483-3-1-0.wav,dog_bark,9
201,116483-3-1-2.wav,dog_bark,9
202,116484-3-0-12.wav,dog_bark,4
203,116484-3-0-16.wav,dog_bark,4
204,116484-3-0-6.wav,dog_bark,4
205,116484-3-0-8.wav,dog_bark,4
206,116485-3-0-4.wav,dog_bark,7
207,116485-3-0-6.wav,dog_bark,7
208,116485-3-2-0.wav,dog_bark,7
209,116485-3-2-4.wav,dog_bark,7
210,117048-3-0-17.wav,dog_bark,3
211,117048-3-0-23.wav,dog_bark,3
212,117048-3-0-25.wav,dog_bark,3
213,117048-3-0-35.wav,dog_bark,3
214,117072-3-0-11.wav,dog_bark,3
215,117072-3-0-14.wav,dog_bark,3
216,117072-3-0-19.wav,dog_bark,3
217,117072-3-0-8.wav,dog_bark,3
218,117181-8-0-0.wav,siren,8
219,117181-8-0-1.wav,siren,8
220,117181-8-0-10.wav,siren,8
221,117181-8-0-11.wav,siren,8
222,117181-8-0-12.wav,siren,8
223,117181-8-0-2.wav,siren,8
224,117181-8-0-3.wav,siren,8
225,117181-8-0-4.wav,siren,8
226,117181-8-0-5.wav,siren,8
227,117181-8-0-6.wav,siren,8
228,117181-8-0-7.wav,siren,8
229,117181-8-0-8.wav,siren,8
230,117181-8-0-9.wav,siren,8
231,11722-3-0-0.wav,dog_bark,10
232,11722-3-1-0.wav,dog_bark,10
233,117271-3-0-0.wav,dog_bark,6
234,117271-3-0-1.wav,dog_bark,6
235,117271-3-0-2.wav,dog_bark,6
236,117271-3-0-3.wav,dog_bark,6
237,117536-1-0-0.wav,car_horn,4
238,118070-1-0-0.wav,car_horn,3
239,118072-3-0-0.wav,dog_bark,6
240,118101-3-0-0.wav,dog_bark,1
241,118101-3-0-3.wav,dog_bark,1
242,118101-3-0-4.wav,dog_bark,1
243,118101-3-0-6.wav,dog_bark,1
244,118279-8-0-0.wav,siren,1
245,118279-8-0-1.wav,siren,1
246,118279-8-0-10.wav,siren,1
247,118279-8-0-11.wav,siren,1
248,118279-8-0-12.wav,siren,1
249,118279-8-0-13.wav,siren,1
250,118279-8-0-14.wav,siren,1
251,118279-8-0-2.wav,siren,1
252,118279-8-0-3.wav,siren,1
253,118279-8-0-4.wav,siren,1
254,118279-8-0-5.wav,siren,1
255,118279-8-0-6.wav,siren,1
256,118279-8-0-7.wav,siren,1
257,118279-8-0-8.wav,siren,1
258,118279-8-0-9.wav,siren,1
259,118496-1-0-0.wav,car_horn,3
260,118496-1-1-0.wav,car_horn,3
261,118587-3-0-2.wav,dog_bark,7
262,118587-3-0-21.wav,dog_bark,7
263,118587-3-0-6.wav,dog_bark,7
264,118961-3-0-0.wav,dog_bark,3
265,118962-3-0-0.wav,dog_bark,2
266,118963-3-0-0.wav,dog_bark,1
267,118964-3-0-0.wav,dog_bark,4
268,119420-3-0-0.wav,dog_bark,9
269,119420-3-1-0.wav,dog_bark,9
270,121299-1-0-0.wav,car_horn,5
271,121528-8-1-0.wav,siren,3
272,121528-8-1-1.wav,siren,3
273,121888-3-0-0.wav,dog_bark,4
274,122199-3-1-1.wav,dog_bark,8
275,122199-3-1-2.wav,dog_bark,8
276,122199-3-1-3.wav,dog_bark,8
277,122199-3-1-6.wav,dog_bark,8
278,122690-6-0-0.wav,gun_shot,1
279,123688-8-0-0.wav,siren,2
280,123688-8-0-1.wav,siren,2
281,123688-8-0-10.wav,siren,2
282,123688-8-0-11.wav,siren,2
283,123688-8-0-12.wav,siren,2
284,123688-8-0-13.wav,siren,2
285,123688-8-0-14.wav,siren,2
286,123688-8-0-15.wav,siren,2
287,123688-8-0-16.wav,siren,2
288,123688-8-0-17.wav,siren,2
289,123688-8-0-18.wav,siren,2
290,123688-8-0-2.wav,siren,2
291,123688-8-0-3.wav,siren,2
292,123688-8-0-4.wav,siren,2
293,123688-8-0-5.wav,siren,2
294,123688-8-0-6.wav,siren,2
295,123688-8-0-7.wav,siren,2
296,123688-8-0-8.wav,siren,2
297,123688-8-0-9.wav,siren,2
298,123688-8-1-0.wav,siren,2
299,123688-8-1-1.wav,siren,2
300,123688-8-1-2.wav,siren,2
301,123688-8-1-3.wav,siren,2
302,123688-8-1-4.wav,siren,2
303,123688-8-1-5.wav,siren,2
304,123688-8-2-0.wav,siren,2
305,123688-8-2-1.wav,siren,2
306,123688-8-2-2.wav,siren,2
307,123688-8-2-3.wav,siren,2
308,123688-8-2-4.wav,siren,2
309,124389-8-1-0.wav,siren,6
310,124389-8-1-1.wav,siren,6
311,124389-8-1-10.wav,siren,6
312,124389-8-1-11.wav,siren,6
313,124389-8-1-12.wav,siren,6
314,124389-8-1-13.wav,siren,6
315,124389-8-1-14.wav,siren,6
316,124389-8-1-15.wav,siren,6
317,124389-8-1-16.wav,siren,6
318,124389-8-1-17.wav,siren,6
319,124389-8-1-18.wav,siren,6
320,124389-8-1-2.wav,siren,6
321,124389-8-1-3.wav,siren,6
322,124389-8-1-4.wav,siren,6
323,124389-8-1-5.wav,siren,6
324,124389-8-1-6.wav,siren,6
325,124389-8-1-7.wav,siren,6
326,124389-8-1-8.wav,siren,6
327,124389-8-1-9.wav,siren,6
328,125520-1-0-0.wav,car_horn,8
329,125520-1-1-0.wav,car_horn,8
330,125520-1-2-0.wav,car_horn,8
331,125520-1-3-0.wav,car_horn,8
332,125520-1-4-0.wav,car_horn,8
333,125523-3-0-1.wav,dog_bark,3
334,125523-3-0-11.wav,dog_bark,3
335,125523-3-0-3.wav,dog_bark,3
336,125554-3-0-0.wav,dog_bark,6
337,125574-3-0-0.wav,dog_bark,6
338,125791-3-0-12.wav,dog_bark,1
339,125791-3-0-13.wav,dog_bark,1
340,125791-3-0-15.wav,dog_bark,1
341,125791-3-0-9.wav,dog_bark,1
342,12647-3-0-0.wav,dog_bark,3
343,12647-3-1-0.wav,dog_bark,3
344,12647-3-2-0.wav,dog_bark,3
345,12647-3-3-0.wav,dog_bark,3
346,126521-3-0-12.wav,dog_bark,5
347,126521-3-0-17.wav,dog_bark,5
348,126521-3-0-18.wav,dog_bark,5
349,126521-3-0-2.wav,dog_bark,5
350,128030-3-0-0.wav,dog_bark,3
351,128030-3-1-0.wav,dog_bark,3
352,128030-3-2-0.wav,dog_bark,3
353,128240-3-0-1.wav,dog_bark,10
354,128240-3-0-20.wav,dog_bark,10
355,128240-3-0-39.wav,dog_bark,10
356,128240-3-0-42.wav,dog_bark,10
357,128465-1-0-0.wav,car_horn,6
358,128465-1-0-1.wav,car_horn,6
359,128465-1-0-2.wav,car_horn,6
360,128465-1-0-3.wav,car_horn,6
361,128465-1-0-4.wav,car_horn,6
362,128465-1-0-5.wav,car_horn,6
363,128465-1-0-6.wav,car_horn,6
364,128465-1-0-7.wav,car_horn,6
365,128465-1-0-8.wav,car_horn,6
366,128470-3-0-0.wav,dog_bark,10
367,128470-3-0-1.wav,dog_bark,10
368,128470-3-0-5.wav,dog_bark,10
369,128470-3-0-8.wav,dog_bark,10
370,128891-3-0-2.wav,dog_bark,6
371,128891-3-0-4.wav,dog_bark,6
372,128891-3-0-5.wav,dog_bark,6
373,130030-3-0-0.wav,dog_bark,1
374,131199-3-0-0.wav,dog_bark,5
375,131571-6-0-0.wav,gun_shot,8
376,132073-1-0-0.wav,car_horn,2
377,132073-1-1-0.wav,car_horn,2
378,132073-1-2-0.wav,car_horn,2
379,132073-1-3-0.wav,car_horn,2
380,132073-1-4-0.wav,car_horn,2
381,132073-1-5-0.wav,car_horn,2
382,132073-1-6-0.wav,car_horn,2
383,133473-8-0-0.wav,siren,8
384,133473-8-0-1.wav,siren,8
385,133473-8-0-2.wav,siren,8
386,133473-8-0-3.wav,siren,8
387,133473-8-0-4.wav,siren,8
388,133473-8-0-5.wav,siren,8
389,133797-6-0-0.wav,gun_shot,6
390,133797-6-1-0.wav,gun_shot,6
391,133797-6-2-0.wav,gun_shot,6
392,135160-8-0-0.wav,siren,6
393,135160-8-0-1.wav,siren,6
394,135160-8-0-10.wav,siren,6
395,135160-8-0-11.wav,siren,6
396,135160-8-0-2.wav,siren,6
397,135160-8-0-3.wav,siren,6
398,135160-8-0-4.wav,siren,6
399,135160-8-0-5.wav,siren,6
400,135160-8-0-6.wav,siren,6
401,135160-8-0-7.wav,siren,6
402,135160-8-0-8.wav,siren,6
403,135160-8-0-9.wav,siren,6
404,135526-6-0-0.wav,gun_shot,3
405,135526-6-1-0.wav,gun_shot,3
406,135526-6-10-0.wav,gun_shot,3
407,135526-6-11-0.wav,gun_shot,3
408,135526-6-12-0.wav,gun_shot,3
409,135526-6-13-0.wav,gun_shot,3
410,135526-6-2-0.wav,gun_shot,3
411,135526-6-3-0.wav,gun_shot,3
412,135526-6-4-0.wav,gun_shot,3
413,135526-6-5-0.wav,gun_shot,3
414,135526-6-6-0.wav,gun_shot,3
415,135526-6-7-0.wav,gun_shot,3
416,135526-6-8-0.wav,gun_shot,3
417,135526-6-9-0.wav,gun_shot,3
418,135527-6-0-0.wav,gun_shot,7
419,135527-6-1-0.wav,gun_shot,7
420,135527-6-10-0.wav,gun_shot,7
421,135527-6-11-0.wav,gun_shot,7
422,135527-6-12-0.wav,gun_shot,7
423,135527-6-13-0.wav,gun_shot,7
424,135527-6-14-0.wav,gun_shot,7
425,135527-6-14-1.wav,gun_shot,7
426,135527-6-14-10.wav,gun_shot,7
427,135527-6-14-2.wav,gun_shot,7
428,135527-6-14-3.wav,gun_shot,7
429,135527-6-14-4.wav,gun_shot,7
430,135527-6-14-5.wav,gun_shot,7
431,135527-6-14-6.wav,gun_shot,7
432,135527-6-14-7.wav,gun_shot,7
433,135527-6-14-8.wav,gun_shot,7
434,135527-6-14-9.wav,gun_shot,7
435,135527-6-2-0.wav,gun_shot,7
436,135527-6-3-0.wav,gun_shot,7
437,135527-6-4-0.wav,gun_shot,7
438,135527-6-5-0.wav,gun_shot,7
439,135527-6-6-0.wav,gun_shot,7
440,135527-6-7-0.wav,gun_shot,7
441,135527-6-8-0.wav,gun_shot,7
442,135527-6-9-0.wav,gun_shot,7
443,135528-6-0-0.wav,gun_shot,4
444,135528-6-1-0.wav,gun_shot,4
445,135528-6-10-0.wav,gun_shot,4
446,135528-6-11-0.wav,gun_shot,4
447,135528-6-12-0.wav,gun_shot,4
448,135528-6-2-0.wav,gun_shot,4
449,135528-6-3-0.wav,gun_shot,4
450,135528-6-4-0.wav,gun_shot,4
451,135528-6-4-1.wav,gun_shot,4
452,135528-6-4-2.wav,gun_shot,4
453,135528-6-5-0.wav,gun_shot,4
454,135528-6-6-0.wav,gun_shot,4
455,135528-6-7-0.wav,gun_shot,4
456,135528-6-8-0.wav,gun_shot,4
457,135528-6-9-0.wav,gun_shot,4
458,135544-6-0-0.wav,gun_shot,6
459,135544-6-1-0.wav,gun_shot,6
460,135544-6-10-0.wav,gun_shot,6
461,135544-6-11-0.wav,gun_shot,6
462,135544-6-12-0.wav,gun_shot,6
463,135544-6-13-0.wav,gun_shot,6
464,135544-6-14-0.wav,gun_shot,6
465,135544-6-15-0.wav,gun_shot,6
466,135544-6-16-0.wav,gun_shot,6
467,135544-6-17-0.wav,gun_shot,6
468,135544-6-18-0.wav,gun_shot,6
469,135544-6-19-0.wav,gun_shot,6
470,135544-6-2-0.wav,gun_shot,6
471,135544-6-3-0.wav,gun_shot,6
472,135544-6-4-0.wav,gun_shot,6
473,135544-6-5-0.wav,gun_shot,6
474,135544-6-6-0.wav,gun_shot,6
475,135544-6-7-0.wav,gun_shot,6
476,135544-6-8-0.wav,gun_shot,6
477,135544-6-9-0.wav,gun_shot,6
478,13577-3-0-0.wav,dog_bark,5
479,13577-3-0-2.wav,dog_bark,5
480,13577-3-5-0.wav,dog_bark,5
481,136399-6-0-0.wav,gun_shot,9
482,136399-6-1-0.wav,gun_shot,9
483,136399-6-2-0.wav,gun_shot,9
484,136399-6-3-0.wav,gun_shot,9
485,136399-6-4-0.wav,gun_shot,9
486,136399-6-5-0.wav,gun_shot,9
487,136399-6-6-0.wav,gun_shot,9
488,136399-6-7-0.wav,gun_shot,9
489,136399-6-8-0.wav,gun_shot,9
490,136399-6-9-0.wav,gun_shot,9
491,137803-3-0-0.wav,dog_bark,9
492,137803-3-0-1.wav,dog_bark,9
493,137803-3-0-2.wav,dog_bark,9
494,138015-3-0-1.wav,dog_bark,1
495,138015-3-0-5.wav,dog_bark,1
496,138015-3-0-7.wav,dog_bark,1
497,138465-1-0-0.wav,car_horn,8
498,138468-1-0-0.wav,car_horn,9
499,139948-3-0-0.wav,dog_bark,5
500,139948-3-1-0.wav,dog_bark,5
501,139948-3-2-0.wav,dog_bark,5
502,139948-3-4-0.wav,dog_bark,5
503,142641-3-0-0.wav,dog_bark,10
504,143115-1-0-0.wav,car_horn,6
505,143115-1-1-0.wav,car_horn,6
506,143115-1-2-0.wav,car_horn,6
507,143115-1-3-0.wav,car_horn,6
508,143115-1-4-0.wav,car_horn,6
509,14358-3-0-26.wav,dog_bark,6
510,14358-3-0-7.wav,dog_bark,6
511,14358-3-0-85.wav,dog_bark,6
512,14358-3-0-90.wav,dog_bark,6
513,144028-3-0-0.wav,dog_bark,8
514,144028-3-1-0.wav,dog_bark,8
515,144028-3-1-1.wav,dog_bark,8
516,14468-3-0-2.wav,dog_bark,10
517,14468-3-0-3.wav,dog_bark,10
518,14468-3-1-0.wav,dog_bark,10
519,14468-3-5-0.wav,dog_bark,10
520,144885-3-0-0.wav,dog_bark,3
521,145206-6-0-0.wav,gun_shot,8
522,145206-6-1-0.wav,gun_shot,8
523,145206-6-2-0.wav,gun_shot,8
524,145206-6-3-0.wav,gun_shot,8
525,145206-6-4-0.wav,gun_shot,8
526,145206-6-5-0.wav,gun_shot,8
527,14524-1-0-0.wav,car_horn,7
528,145577-1-0-0.wav,car_horn,2
529,145608-6-0-0.wav,gun_shot,2
530,145608-6-1-0.wav,gun_shot,2
531,145608-6-2-0.wav,gun_shot,2
532,145608-6-3-0.wav,gun_shot,2
533,145609-6-0-0.wav,gun_shot,5
534,145609-6-1-0.wav,gun_shot,5
535,145611-6-0-0.wav,gun_shot,5
536,145611-6-1-0.wav,gun_shot,5
537,145611-6-2-0.wav,gun_shot,5
538,145611-6-3-0.wav,gun_shot,5
539,145611-6-4-0.wav,gun_shot,5
540,145612-6-0-0.wav,gun_shot,8
541,145612-6-1-0.wav,gun_shot,8
542,145612-6-2-0.wav,gun_shot,8
543,145612-6-3-0.wav,gun_shot,8
544,145683-6-0-0.wav,gun_shot,9
545,145683-6-1-0.wav,gun_shot,9
546,145683-6-2-0.wav,gun_shot,9
547,145683-6-3-0.wav,gun_shot,9
548,145683-6-4-0.wav,gun_shot,9
549,145683-6-5-0.wav,gun_shot,9
550,146343-3-0-0.wav,dog_bark,8
551,147317-6-0-0.wav,gun_shot,7
552,147672-3-0-0.wav,dog_bark,2
553,147672-3-1-0.wav,dog_bark,2
554,147672-3-2-0.wav,dog_bark,2
555,148166-6-0-0.wav,gun_shot,9
556,148632-8-0-0.wav,siren,8
557,148632-8-0-1.wav,siren,8
558,148632-8-0-10.wav,siren,8
559,148632-8-0-11.wav,siren,8
560,148632-8-0-12.wav,siren,8
561,148632-8-0-13.wav,siren,8
562,148632-8-0-14.wav,siren,8
563,148632-8-0-15.wav,siren,8
564,148632-8-0-16.wav,siren,8
565,148632-8-0-17.wav,siren,8
566,148632-8-0-18.wav,siren,8
567,148632-8-0-2.wav,siren,8
568,148632-8-0-3.wav,siren,8
569,148632-8-0-4.wav,siren,8
570,148632-8-0-5.wav,siren,8
571,148632-8-0-6.wav,siren,8
572,148632-8-0-7.wav,siren,8
573,148632-8-0-8.wav,siren,8
574,148632-8-0-9.wav,siren,8
575,148827-6-0-0.wav,gun_shot,7
576,148827-6-1-0.wav,gun_shot,7
577,148827-6-2-0.wav,gun_shot,7
578,148827-6-3-0.wav,gun_shot,7
579,148827-6-4-0.wav,gun_shot,7
580,148828-6-0-0.wav,gun_shot,7
581,148828-6-1-0.wav,gun_shot,7
582,148833-6-0-0.wav,gun_shot,6
583,148833-6-1-0.wav,gun_shot,6
584,148834-6-0-0.wav,gun_shot,6
585,148835-6-0-0.wav,gun_shot,6
586,148835-6-1-0.wav,gun_shot,6
587,148835-6-2-0.wav,gun_shot,6
588,148835-6-3-0.wav,gun_shot,6
589,148835-6-4-0.wav,gun_shot,6
590,148837-6-0-0.wav,gun_shot,4
591,148837-6-1-0.wav,gun_shot,4
592,148837-6-2-0.wav,gun_shot,4
593,148838-6-0-0.wav,gun_shot,3
594,148838-6-1-0.wav,gun_shot,3
595,148838-6-2-0.wav,gun_shot,3
596,148841-6-0-0.wav,gun_shot,5
597,148841-6-1-0.wav,gun_shot,5
598,148841-6-2-0.wav,gun_shot,5
599,149177-6-0-0.wav,gun_shot,2
600,150341-3-0-0.wav,dog_bark,1
601,150341-3-1-0.wav,dog_bark,1
602,151065-6-0-0.wav,gun_shot,7
603,151069-6-0-0.wav,gun_shot,8
604,151071-6-0-0.wav,gun_shot,3
605,151359-1-0-0.wav,car_horn,3
606,151359-1-1-0.wav,car_horn,3
607,151359-1-2-0.wav,car_horn,3
608,151359-1-3-0.wav,car_horn,3
609,152588-3-0-0.wav,dog_bark,9
610,152588-3-1-0.wav,dog_bark,9
611,152588-3-2-0.wav,dog_bark,9
612,152588-3-3-0.wav,dog_bark,9
613,153057-1-0-0.wav,car_horn,7
614,155129-1-0-0.wav,car_horn,2
615,155129-1-1-0.wav,car_horn,2
616,155129-1-2-0.wav,car_horn,2
617,155130-1-0-0.wav,car_horn,9
618,155130-1-1-0.wav,car_horn,9
619,155234-1-0-0.wav,car_horn,2
620,155283-1-0-0.wav,car_horn,8
621,155283-1-1-0.wav,car_horn,8
622,155294-3-0-0.wav,dog_bark,8
623,155299-3-0-1.wav,dog_bark,7
624,155299-3-1-0.wav,dog_bark,7
625,155299-3-1-1.wav,dog_bark,7
626,155299-3-1-2.wav,dog_bark,7
627,155309-3-0-0.wav,dog_bark,3
628,155310-3-0-0.wav,dog_bark,1
629,155311-3-0-0.wav,dog_bark,10
630,155312-3-0-0.wav,dog_bark,9
631,155313-3-0-0.wav,dog_bark,8
632,155314-3-0-1.wav,dog_bark,7
633,155314-3-0-2.wav,dog_bark,7
634,155314-3-0-5.wav,dog_bark,7
635,155315-3-0-0.wav,dog_bark,7
636,155317-3-0-0.wav,dog_bark,6
637,155320-3-0-0.wav,dog_bark,4
638,155488-3-0-6.wav,dog_bark,6
639,155488-3-2-0.wav,dog_bark,6
640,155488-3-3-0.wav,dog_bark,6
641,155488-3-3-1.wav,dog_bark,6
642,156091-1-0-0.wav,car_horn,7
643,156194-1-0-0.wav,car_horn,1
644,156418-3-0-0.wav,dog_bark,3
645,156418-3-0-1.wav,dog_bark,3
646,156418-3-1-0.wav,dog_bark,3
647,156418-3-2-0.wav,dog_bark,3
648,156868-8-0-0.wav,siren,4
649,156868-8-1-0.wav,siren,4
650,156868-8-2-0.wav,siren,4
651,156868-8-3-0.wav,siren,4
652,156868-8-4-0.wav,siren,4
653,156869-8-0-0.wav,siren,5
654,156869-8-0-1.wav,siren,5
655,156869-8-0-10.wav,siren,5
656,156869-8-0-11.wav,siren,5
657,156869-8-0-2.wav,siren,5
658,156869-8-0-3.wav,siren,5
659,156869-8-0-4.wav,siren,5
660,156869-8-0-5.wav,siren,5
661,156869-8-0-6.wav,siren,5
662,156869-8-0-7.wav,siren,5
663,156869-8-0-8.wav,siren,5
664,156869-8-0-9.wav,siren,5
665,156897-6-0-0.wav,gun_shot,4
666,157207-6-0-0.wav,gun_shot,10
667,157207-6-1-0.wav,gun_shot,10
668,157207-6-10-0.wav,gun_shot,10
669,157207-6-2-0.wav,gun_shot,10
670,157207-6-3-0.wav,gun_shot,10
671,157207-6-4-0.wav,gun_shot,10
672,157207-6-5-0.wav,gun_shot,10
673,157207-6-6-0.wav,gun_shot,10
674,157207-6-7-0.wav,gun_shot,10
675,157207-6-8-0.wav,gun_shot,10
676,157207-6-9-0.wav,gun_shot,10
677,157322-3-0-3.wav,dog_bark,6
678,157322-3-0-4.wav,dog_bark,6
679,157322-3-0-5.wav,dog_bark,6
680,157322-3-0-6.wav,dog_bark,6
681,157648-8-0-0.wav,siren,5
682,157649-3-0-0.wav,dog_bark,8
683,157649-3-0-1.wav,dog_bark,8
684,157649-3-1-1.wav,dog_bark,8
685,157649-3-2-0.wav,dog_bark,8
686,157695-3-0-19.wav,dog_bark,4
687,157695-3-0-2.wav,dog_bark,4
688,157695-3-0-27.wav,dog_bark,4
689,157695-3-0-8.wav,dog_bark,4
690,157799-6-0-0.wav,gun_shot,4
691,157800-6-0-0.wav,gun_shot,10
692,157801-6-0-0.wav,gun_shot,9
693,157866-8-0-0.wav,siren,9
694,157866-8-0-1.wav,siren,9
695,157866-8-0-10.wav,siren,9
696,157866-8-0-11.wav,siren,9
697,157866-8-0-12.wav,siren,9
698,157866-8-0-13.wav,siren,9
699,157866-8-0-14.wav,siren,9
700,157866-8-0-15.wav,siren,9
701,157866-8-0-16.wav,siren,9
702,157866-8-0-17.wav,siren,9
703,157866-8-0-18.wav,siren,9
704,157866-8-0-19.wav,siren,9
705,157866-8-0-2.wav,siren,9
706,157866-8-0-20.wav,siren,9
707,157866-8-0-21.wav,siren,9
708,157866-8-0-22.wav,siren,9
709,157866-8-0-23.wav,siren,9
710,157866-8-0-24.wav,siren,9
711,157866-8-0-25.wav,siren,9
712,157866-8-0-26.wav,siren,9
713,157866-8-0-27.wav,siren,9
714,157866-8-0-3.wav,siren,9
715,157866-8-0-4.wav,siren,9
716,157866-8-0-5.wav,siren,9
717,157866-8-0-6.wav,siren,9
718,157866-8-0-7.wav,siren,9
719,157866-8-0-8.wav,siren,9
720,157866-8-0-9.wav,siren,9
721,157867-8-0-0.wav,siren,1
722,157867-8-0-1.wav,siren,1
723,157867-8-0-10.wav,siren,1
724,157867-8-0-11.wav,siren,1
725,157867-8-0-12.wav,siren,1
726,157867-8-0-13.wav,siren,1
727,157867-8-0-14.wav,siren,1
728,157867-8-0-15.wav,siren,1
729,157867-8-0-16.wav,siren,1
730,157867-8-0-17.wav,siren,1
731,157867-8-0-18.wav,siren,1
732,157867-8-0-19.wav,siren,1
733,157867-8-0-2.wav,siren,1
734,157867-8-0-20.wav,siren,1
735,157867-8-0-21.wav,siren,1
736,157867-8-0-22.wav,siren,1
737,157867-8-0-23.wav,siren,1
738,157867-8-0-24.wav,siren,1
739,157867-8-0-25.wav,siren,1
740,157867-8-0-26.wav,siren,1
741,157867-8-0-27.wav,siren,1
742,157867-8-0-28.wav,siren,1
743,157867-8-0-3.wav,siren,1
744,157867-8-0-4.wav,siren,1
745,157867-8-0-5.wav,siren,1
746,157867-8-0-6.wav,siren,1
747,157867-8-0-7.wav,siren,1
748,157867-8-0-8.wav,siren,1
749,157867-8-0-9.wav,siren,1
750,157868-8-0-0.wav,siren,8
751,157868-8-0-1.wav,siren,8
752,157868-8-0-10.wav,siren,8
753,157868-8-0-11.wav,siren,8
754,157868-8-0-12.wav,siren,8
755,157868-8-0-13.wav,siren,8
756,157868-8-0-14.wav,siren,8
757,157868-8-0-15.wav,siren,8
758,157868-8-0-16.wav,siren,8
759,157868-8-0-17.wav,siren,8
760,157868-8-0-18.wav,siren,8
761,157868-8-0-19.wav,siren,8
762,157868-8-0-2.wav,siren,8
763,157868-8-0-20.wav,siren,8
764,157868-8-0-21.wav,siren,8
765,157868-8-0-22.wav,siren,8
766,157868-8-0-23.wav,siren,8
767,157868-8-0-24.wav,siren,8
768,157868-8-0-25.wav,siren,8
769,157868-8-0-26.wav,siren,8
770,157868-8-0-27.wav,siren,8
771,157868-8-0-3.wav,siren,8
772,157868-8-0-4.wav,siren,8
773,157868-8-0-5.wav,siren,8
774,157868-8-0-6.wav,siren,8
775,157868-8-0-7.wav,siren,8
776,157868-8-0-8.wav,siren,8
777,157868-8-0-9.wav,siren,8
778,157950-3-0-0.wav,dog_bark,7
779,158607-3-0-0.wav,dog_bark,2
780,158607-3-1-0.wav,dog_bark,2
781,158607-3-2-0.wav,dog_bark,2
782,158608-8-0-0.wav,siren,4
783,158608-8-0-1.wav,siren,4
784,158608-8-0-10.wav,siren,4
785,158608-8-0-2.wav,siren,4
786,158608-8-0-3.wav,siren,4
787,158608-8-0-4.wav,siren,4
788,158608-8-0-5.wav,siren,4
789,158608-8-0-6.wav,siren,4
790,158608-8-0-7.wav,siren,4
791,158608-8-0-8.wav,siren,4
792,158608-8-0-9.wav,siren,4
793,158977-6-0-0.wav,gun_shot,4
794,158978-6-0-0.wav,gun_shot,7
795,158979-6-0-0.wav,gun_shot,6
796,159176-3-0-0.wav,dog_bark,4
797,159701-6-0-0.wav,gun_shot,5
798,159701-6-1-0.wav,gun_shot,5
799,159701-6-2-0.wav,gun_shot,5
800,159701-6-3-0.wav,gun_shot,5
801,159701-6-4-0.wav,gun_shot,5
802,159701-6-5-0.wav,gun_shot,5
803,159701-6-6-0.wav,gun_shot,5
804,159702-6-0-0.wav,gun_shot,6
805,159702-6-1-0.wav,gun_shot,6
806,159702-6-2-0.wav,gun_shot,6
807,159702-6-3-0.wav,gun_shot,6
808,159702-6-4-0.wav,gun_shot,6
809,159702-6-5-0.wav,gun_shot,6
810,159702-6-6-0.wav,gun_shot,6
811,159703-6-0-0.wav,gun_shot,5
812,159704-6-0-0.wav,gun_shot,6
813,159705-6-0-0.wav,gun_shot,7
814,159706-6-0-0.wav,gun_shot,8
815,159707-6-0-0.wav,gun_shot,9
816,159708-6-0-0.wav,gun_shot,7
817,159708-6-1-0.wav,gun_shot,7
818,159708-6-2-0.wav,gun_shot,7
819,159708-6-3-0.wav,gun_shot,7
820,159708-6-4-0.wav,gun_shot,7
821,159708-6-5-0.wav,gun_shot,7
822,159708-6-6-0.wav,gun_shot,7
823,159709-6-0-0.wav,gun_shot,10
824,159710-6-0-0.wav,gun_shot,2
825,159726-3-0-0.wav,dog_bark,9
826,159726-3-1-0.wav,dog_bark,9
827,159738-8-0-0.wav,siren,1
828,159738-8-0-1.wav,siren,1
829,159738-8-0-10.wav,siren,1
830,159738-8-0-11.wav,siren,1
831,159738-8-0-12.wav,siren,1
832,159738-8-0-13.wav,siren,1
833,159738-8-0-14.wav,siren,1
834,159738-8-0-15.wav,siren,1
835,159738-8-0-16.wav,siren,1
836,159738-8-0-17.wav,siren,1
837,159738-8-0-18.wav,siren,1
838,159738-8-0-19.wav,siren,1
839,159738-8-0-2.wav,siren,1
840,159738-8-0-3.wav,siren,1
841,159738-8-0-4.wav,siren,1
842,159738-8-0-5.wav,siren,1
843,159738-8-0-6.wav,siren,1
844,159738-8-0-7.wav,siren,1
845,159738-8-0-8.wav,siren,1
846,159738-8-0-9.wav,siren,1
847,159742-8-0-0.wav,siren,10
848,159742-8-0-1.wav,siren,10
849,159742-8-0-10.wav,siren,10
850,159742-8-0-11.wav,siren,10
851,159742-8-0-12.wav,siren,10
852,159742-8-0-13.wav,siren,10
853,159742-8-0-14.wav,siren,10
854,159742-8-0-2.wav,siren,10
855,159742-8-0-3.wav,siren,10
856,159742-8-0-4.wav,siren,10
857,159742-8-0-5.wav,siren,10
858,159742-8-0-6.wav,siren,10
859,159742-8-0-7.wav,siren,10
860,159742-8-0-8.wav,siren,10
861,159742-8-0-9.wav,siren,10
862,159743-8-0-0.wav,siren,2
863,159744-8-0-0.wav,siren,9
864,159744-8-0-1.wav,siren,9
865,159744-8-0-10.wav,siren,9
866,159744-8-0-11.wav,siren,9
867,159744-8-0-12.wav,siren,9
868,159744-8-0-13.wav,siren,9
869,159744-8-0-2.wav,siren,9
870,159744-8-0-3.wav,siren,9
871,159744-8-0-4.wav,siren,9
872,160092-3-0-0.wav,dog_bark,2
873,160093-3-0-0.wav,dog_bark,3
874,160094-3-0-0.wav,dog_bark,1
875,160366-3-0-13.wav,dog_bark,2
876,160366-3-0-4.wav,dog_bark,2
877,160366-3-0-7.wav,dog_bark,2
878,160366-3-0-8.wav,dog_bark,2
879,160575-3-0-0.wav,dog_bark,6
880,160575-3-1-0.wav,dog_bark,6
881,160575-3-4-0.wav,dog_bark,6
882,160575-3-7-0.wav,dog_bark,6
883,161010-1-0-0.wav,car_horn,4
884,161010-1-1-0.wav,car_horn,4
885,161010-1-2-0.wav,car_horn,4
886,161010-1-3-0.wav,car_horn,4
887,161195-6-0-0.wav,gun_shot,3
888,161922-3-1-4.wav,dog_bark,6
889,161922-3-1-5.wav,dog_bark,6
890,161922-3-1-6.wav,dog_bark,6
891,161922-3-2-0.wav,dog_bark,6
892,161923-3-0-0.wav,dog_bark,6
893,161923-3-0-12.wav,dog_bark,6
894,161923-3-0-19.wav,dog_bark,6
895,161923-3-0-5.wav,dog_bark,6
896,162148-3-0-0.wav,dog_bark,10
897,162431-6-0-0.wav,gun_shot,3
898,162431-6-1-0.wav,gun_shot,3
899,162431-6-2-0.wav,gun_shot,3
900,162431-6-3-0.wav,gun_shot,3
901,162432-6-0-0.wav,gun_shot,5
902,162432-6-1-0.wav,gun_shot,5
903,162432-6-10-0.wav,gun_shot,5
904,162432-6-11-0.wav,gun_shot,5
905,162432-6-12-0.wav,gun_shot,5
906,162432-6-13-0.wav,gun_shot,5
907,162432-6-14-0.wav,gun_shot,5
908,162432-6-2-0.wav,gun_shot,5
909,162432-6-3-0.wav,gun_shot,5
910,162432-6-4-0.wav,gun_shot,5
911,162432-6-5-0.wav,gun_shot,5
912,162432-6-6-0.wav,gun_shot,5
913,162432-6-7-0.wav,gun_shot,5
914,162432-6-8-0.wav,gun_shot,5
915,162432-6-9-0.wav,gun_shot,5
916,162433-6-0-0.wav,gun_shot,8
917,162433-6-1-0.wav,gun_shot,8
918,162433-6-2-0.wav,gun_shot,8
919,162433-6-3-0.wav,gun_shot,8
920,162433-6-4-0.wav,gun_shot,8
921,162433-6-5-0.wav,gun_shot,8
922,162433-6-6-0.wav,gun_shot,8
923,162433-6-7-0.wav,gun_shot,8
924,162433-6-8-0.wav,gun_shot,8
925,162434-6-0-0.wav,gun_shot,6
926,162434-6-1-0.wav,gun_shot,6
927,162434-6-2-0.wav,gun_shot,6
928,162435-6-0-0.wav,gun_shot,4
929,162435-6-1-0.wav,gun_shot,4
930,162435-6-2-0.wav,gun_shot,4
931,162435-6-3-0.wav,gun_shot,4
932,162436-6-0-0.wav,gun_shot,3
933,162540-1-0-0.wav,car_horn,1
934,162540-1-1-0.wav,car_horn,1
935,162540-1-2-0.wav,car_horn,1
936,162541-1-0-0.wav,car_horn,2
937,162541-1-1-0.wav,car_horn,2
938,162541-1-2-0.wav,car_horn,2
939,162702-1-0-0.wav,car_horn,6
940,162702-1-1-0.wav,car_horn,6
941,162703-1-0-0.wav,car_horn,1
942,162728-1-0-0.wav,car_horn,7
943,163459-3-0-0.wav,dog_bark,10
944,163460-6-0-0.wav,gun_shot,2
945,164311-3-0-0.wav,dog_bark,6
946,164311-3-1-0.wav,dog_bark,6
947,164312-3-0-0.wav,dog_bark,1
948,164312-3-1-0.wav,dog_bark,1
949,164312-3-3-0.wav,dog_bark,1
950,164312-3-4-0.wav,dog_bark,1
951,164625-1-0-0.wav,car_horn,9
952,164626-1-0-0.wav,car_horn,8
953,164627-1-0-0.wav,car_horn,7
954,164646-6-0-0.wav,gun_shot,10
955,164667-6-0-0.wav,gun_shot,5
956,165567-3-0-0.wav,dog_bark,9
957,165567-3-2-0.wav,dog_bark,9
958,165567-3-3-0.wav,dog_bark,9
959,165567-3-4-0.wav,dog_bark,9
960,166268-3-0-0.wav,dog_bark,1
961,166268-3-1-0.wav,dog_bark,1
962,166268-3-2-0.wav,dog_bark,1
963,166421-3-0-29.wav,dog_bark,2
964,166421-3-0-31.wav,dog_bark,2
965,166421-3-0-5.wav,dog_bark,2
966,166489-3-0-1.wav,dog_bark,6
967,166489-3-0-2.wav,dog_bark,6
968,166489-3-0-4.wav,dog_bark,6
969,169261-6-0-0.wav,gun_shot,10
970,170015-3-0-0.wav,dog_bark,3
971,170243-1-0-0.wav,car_horn,7
972,17074-1-0-0.wav,car_horn,10
973,17124-1-0-0.wav,car_horn,10
974,171249-1-0-0.wav,car_horn,4
975,171249-1-1-0.wav,car_horn,4
976,171249-1-2-0.wav,car_horn,4
977,171464-3-0-0.wav,dog_bark,8
978,171464-3-1-0.wav,dog_bark,8
979,171464-3-2-0.wav,dog_bark,8
980,17307-1-0-0.wav,car_horn,2
981,173993-3-0-25.wav,dog_bark,5
982,173993-3-0-39.wav,dog_bark,5
983,173993-3-0-51.wav,dog_bark,5
984,173993-3-0-52.wav,dog_bark,5
985,173994-3-0-14.wav,dog_bark,4
986,173994-3-0-3.wav,dog_bark,4
987,173994-3-0-44.wav,dog_bark,4
988,173994-3-0-45.wav,dog_bark,4
989,173995-3-0-0.wav,dog_bark,2
990,173995-3-0-11.wav,dog_bark,2
991,173995-3-0-27.wav,dog_bark,2
992,173995-3-0-3.wav,dog_bark,2
993,174026-3-1-0.wav,dog_bark,4
994,174026-3-1-1.wav,dog_bark,4
995,174026-3-1-5.wav,dog_bark,4
996,174026-3-2-2.wav,dog_bark,4
997,174282-6-0-0.wav,gun_shot,9
998,174282-6-1-0.wav,gun_shot,9
999,174282-6-2-0.wav,gun_shot,9
1000,174284-6-0-0.wav,gun_shot,7
1001,174284-6-1-0.wav,gun_shot,7
1002,174284-6-2-0.wav,gun_shot,7
1003,174285-6-0-0.wav,gun_shot,8
1004,174285-6-1-0.wav,gun_shot,8
1005,174285-6-2-0.wav,gun_shot,8
1006,174287-6-0-0.wav,gun_shot,9
1007,174287-6-1-0.wav,gun_shot,9
1008,174287-6-2-0.wav,gun_shot,9
1009,174287-6-3-0.wav,gun_shot,9
1010,174289-6-0-0.wav,gun_shot,10
1011,174289-6-1-0.wav,gun_shot,10
1012,174289-6-2-0.wav,gun_shot,10
1013,174289-6-3-0.wav,gun_shot,10
1014,174290-6-0-0.wav,gun_shot,1
1015,174290-6-1-0.wav,gun_shot,1
1016,174290-6-2-0.wav,gun_shot,1
1017,174290-6-3-0.wav,gun_shot,1
1018,174292-6-0-0.wav,gun_shot,10
1019,174292-6-1-0.wav,gun_shot,10
1020,174292-6-2-0.wav,gun_shot,10
1021,174293-6-0-0.wav,gun_shot,2
1022,174293-6-1-0.wav,gun_shot,2
1023,174293-6-2-0.wav,gun_shot,2
1024,174294-6-0-0.wav,gun_shot,1
1025,174294-6-1-0.wav,gun_shot,1
1026,174294-6-2-0.wav,gun_shot,1
1027,174840-1-0-0.wav,car_horn,3
1028,174841-1-0-0.wav,car_horn,4
1029,17486-3-0-0.wav,dog_bark,10
1030,17486-3-1-0.wav,dog_bark,10
1031,17486-3-2-0.wav,dog_bark,10
1032,174873-3-5-1.wav,dog_bark,8
1033,174873-3-5-10.wav,dog_bark,8
1034,174873-3-5-12.wav,dog_bark,8
1035,174873-3-5-13.wav,dog_bark,8
1036,174994-3-0-0.wav,dog_bark,2
1037,174994-3-0-1.wav,dog_bark,2
1038,174994-3-0-2.wav,dog_bark,2
1039,174994-3-0-4.wav,dog_bark,2
1040,175842-1-0-0.wav,car_horn,10
1041,175843-1-0-0.wav,car_horn,9
1042,175844-1-0-0.wav,car_horn,2
1043,175845-1-0-0.wav,car_horn,1
1044,175846-1-0-0.wav,car_horn,4
1045,175847-1-0-0.wav,car_horn,3
1046,175848-1-0-0.wav,car_horn,6
1047,175849-1-0-0.wav,car_horn,5
1048,175850-1-0-0.wav,car_horn,10
1049,175851-1-0-0.wav,car_horn,1
1050,175852-1-0-0.wav,car_horn,8
1051,175853-1-0-0.wav,car_horn,9
1052,175854-1-0-0.wav,car_horn,3
1053,175855-1-0-0.wav,car_horn,4
1054,175856-1-0-0.wav,car_horn,8
1055,175856-1-1-0.wav,car_horn,8
1056,175856-1-2-0.wav,car_horn,8
1057,175915-3-0-0.wav,dog_bark,9
1058,175915-3-0-1.wav,dog_bark,9
1059,175915-3-0-3.wav,dog_bark,9
1060,175915-3-1-8.wav,dog_bark,9
1061,175917-3-0-3.wav,dog_bark,6
1062,175917-3-1-1.wav,dog_bark,6
1063,175917-3-2-2.wav,dog_bark,6
1064,175917-3-4-1.wav,dog_bark,6
1065,176003-1-0-0.wav,car_horn,4
1066,17615-3-0-0.wav,dog_bark,3
1067,17615-3-0-3.wav,dog_bark,3
1068,17615-3-0-4.wav,dog_bark,3
1069,17615-3-0-6.wav,dog_bark,3
1070,176257-3-0-0.wav,dog_bark,1
1071,176258-3-1-12.wav,dog_bark,1
1072,176258-3-1-13.wav,dog_bark,1
1073,176258-3-1-18.wav,dog_bark,1
1074,176258-3-1-2.wav,dog_bark,1
1075,176631-1-0-0.wav,car_horn,3
1076,176634-1-0-0.wav,car_horn,2
1077,176638-1-0-0.wav,car_horn,1
1078,176638-1-1-0.wav,car_horn,1
1079,176783-3-0-11.wav,dog_bark,3
1080,176783-3-0-3.wav,dog_bark,3
1081,176783-3-0-5.wav,dog_bark,3
1082,176783-3-1-0.wav,dog_bark,3
1083,177620-3-0-20.wav,dog_bark,9
1084,177620-3-0-21.wav,dog_bark,9
1085,177620-3-0-25.wav,dog_bark,9
1086,177620-3-0-8.wav,dog_bark,9
1087,17810-3-0-0.wav,dog_bark,8
1088,17810-3-1-0.wav,dog_bark,8
1089,178115-1-0-0.wav,car_horn,7
1090,178118-3-0-0.wav,dog_bark,9
1091,178118-3-1-0.wav,dog_bark,9
1092,178118-3-2-0.wav,dog_bark,9
1093,178402-1-0-0.wav,car_horn,10
1094,178497-3-0-1.wav,dog_bark,5
1095,178497-3-0-3.wav,dog_bark,5
1096,178497-3-0-4.wav,dog_bark,5
1097,178497-3-0-6.wav,dog_bark,5
1098,179096-3-0-1.wav,dog_bark,2
1099,179096-3-0-10.wav,dog_bark,2
1100,179096-3-0-5.wav,dog_bark,2
1101,179096-3-0-9.wav,dog_bark,2
1102,179386-3-0-0.wav,dog_bark,3
1103,179386-3-0-1.wav,dog_bark,3
1104,179386-3-0-2.wav,dog_bark,3
1105,179386-3-0-3.wav,dog_bark,3
1106,179858-1-0-0.wav,car_horn,1
1107,179860-1-0-0.wav,car_horn,6
1108,179861-1-0-0.wav,car_horn,5
1109,179862-1-0-0.wav,car_horn,4
1110,179863-1-0-0.wav,car_horn,3
1111,179864-1-0-0.wav,car_horn,2
1112,179865-1-0-0.wav,car_horn,3
1113,179866-1-0-0.wav,car_horn,2
1114,179866-1-1-0.wav,car_horn,2
1115,179867-1-0-0.wav,car_horn,1
1116,179868-1-0-0.wav,car_horn,10
1117,180052-3-0-0.wav,dog_bark,5
1118,180052-3-0-1.wav,dog_bark,5
1119,180052-3-0-3.wav,dog_bark,5
1120,180052-3-0-4.wav,dog_bark,5
1121,180156-1-0-0.wav,car_horn,9
1122,180156-1-1-0.wav,car_horn,9
1123,180156-1-10-0.wav,car_horn,9
1124,180156-1-11-0.wav,car_horn,9
1125,180156-1-12-0.wav,car_horn,9
1126,180156-1-2-0.wav,car_horn,9
1127,180156-1-3-0.wav,car_horn,9
1128,180156-1-4-0.wav,car_horn,9
1129,180156-1-5-0.wav,car_horn,9
1130,180156-1-6-0.wav,car_horn,9
1131,180156-1-7-0.wav,car_horn,9
1132,180156-1-8-0.wav,car_horn,9
1133,180156-1-9-0.wav,car_horn,9
1134,180256-3-0-0.wav,dog_bark,1
1135,180256-3-0-1.wav,dog_bark,1
1136,180256-3-0-2.wav,dog_bark,1
1137,180256-3-0-3.wav,dog_bark,1
1138,180257-3-0-1.wav,dog_bark,7
1139,180257-3-0-3.wav,dog_bark,7
1140,180257-3-0-4.wav,dog_bark,7
1141,180257-3-0-5.wav,dog_bark,7
1142,180960-6-0-0.wav,gun_shot,3
1143,180977-3-1-0.wav,dog_bark,4
1144,180977-3-1-1.wav,dog_bark,4
1145,180977-3-1-5.wav,dog_bark,4
1146,181725-3-0-16.wav,dog_bark,5
1147,182474-1-0-0.wav,car_horn,6
1148,183894-1-5-0.wav,car_horn,7
1149,183894-1-6-0.wav,car_horn,7
1150,183894-1-7-0.wav,car_horn,7
1151,183894-1-8-0.wav,car_horn,7
1152,183894-1-9-0.wav,car_horn,7
1153,184355-1-0-0.wav,car_horn,1
1154,185436-1-0-0.wav,car_horn,5
1155,185436-1-1-0.wav,car_horn,5
1156,185436-1-2-0.wav,car_horn,5
1157,185436-1-3-0.wav,car_horn,5
1158,185436-1-4-0.wav,car_horn,5
1159,185436-1-5-0.wav,car_horn,5
1160,185436-1-6-0.wav,car_horn,5
1161,185436-1-7-0.wav,car_horn,5
1162,18594-1-0-0.wav,car_horn,3
1163,18594-1-1-0.wav,car_horn,3
1164,18594-1-2-0.wav,car_horn,3
1165,18594-1-3-0.wav,car_horn,3
1166,18594-1-4-0.wav,car_horn,3
1167,18594-1-5-0.wav,car_horn,3
1168,18594-1-6-0.wav,car_horn,3
1169,187356-1-0-0.wav,car_horn,4
1170,187356-1-1-0.wav,car_horn,4
1171,187356-1-2-0.wav,car_horn,4
1172,187356-1-3-0.wav,car_horn,4
1173,187356-1-4-0.wav,car_horn,4
1174,187356-1-5-0.wav,car_horn,4
1175,187356-1-6-0.wav,car_horn,4
1176,18933-1-0-0.wav,car_horn,6
1177,19026-1-0-0.wav,car_horn,1
1178,191449-6-0-0.wav,gun_shot,5
1179,196400-6-0-0.wav,gun_shot,1
1180,197318-6-0-0.wav,gun_shot,1
1181,197318-6-1-0.wav,gun_shot,1
1182,197318-6-10-0.wav,gun_shot,1
1183,197318-6-11-0.wav,gun_shot,1
1184,197318-6-12-0.wav,gun_shot,1
1185,197318-6-2-0.wav,gun_shot,1
1186,197318-6-3-0.wav,gun_shot,1
1187,197318-6-4-0.wav,gun_shot,1
1188,197318-6-5-0.wav,gun_shot,1
1189,197318-6-6-0.wav,gun_shot,1
1190,197318-6-7-0.wav,gun_shot,1
1191,197318-6-8-0.wav,gun_shot,1
1192,197318-6-9-0.wav,gun_shot,1
1193,197320-6-0-0.wav,gun_shot,2
1194,197320-6-1-0.wav,gun_shot,2
1195,197320-6-10-0.wav,gun_shot,2
1196,197320-6-11-0.wav,gun_shot,2
1197,197320-6-12-0.wav,gun_shot,2
1198,197320-6-2-0.wav,gun_shot,2
1199,197320-6-3-0.wav,gun_shot,2
1200,197320-6-4-0.wav,gun_shot,2
1201,197320-6-5-0.wav,gun_shot,2
1202,197320-6-6-0.wav,gun_shot,2
1203,197320-6-7-0.wav,gun_shot,2
1204,197320-6-8-0.wav,gun_shot,2
1205,197320-6-9-0.wav,gun_shot,2
1206,199769-1-0-0.wav,car_horn,3
1207,199769-1-0-1.wav,car_horn,3
1208,199769-1-0-10.wav,car_horn,3
1209,199769-1-0-11.wav,car_horn,3
1210,199769-1-0-12.wav,car_horn,3
1211,199769-1-0-13.wav,car_horn,3
1212,199769-1-0-14.wav,car_horn,3
1213,199769-1-0-15.wav,car_horn,3
1214,199769-1-0-16.wav,car_horn,3
1215,199769-1-0-17.wav,car_horn,3
1216,199769-1-0-18.wav,car_horn,3
1217,199769-1-0-2.wav,car_horn,3
1218,199769-1-0-3.wav,car_horn,3
1219,199769-1-0-4.wav,car_horn,3
1220,199769-1-0-5.wav,car_horn,3
1221,199769-1-0-6.wav,car_horn,3
1222,199769-1-0-7.wav,car_horn,3
1223,199769-1-0-8.wav,car_horn,3
1224,199769-1-0-9.wav,car_horn,3
1225,200460-6-0-0.wav,gun_shot,10
1226,200460-6-1-0.wav,gun_shot,10
1227,200460-6-2-0.wav,gun_shot,10
1228,200460-6-3-0.wav,gun_shot,10
1229,200460-6-4-0.wav,gun_shot,10
1230,200460-6-5-0.wav,gun_shot,10
1231,203956-1-0-0.wav,car_horn,4
1232,204765-1-0-0.wav,car_horn,4
1233,205013-6-0-0.wav,gun_shot,10
1234,23161-6-0-0.wav,gun_shot,4
1235,23161-6-1-0.wav,gun_shot,4
1236,24074-1-0-0.wav,car_horn,1
1237,24074-1-0-1.wav,car_horn,1
1238,24074-1-0-10.wav,car_horn,1
1239,24074-1-0-11.wav,car_horn,1
1240,24074-1-0-12.wav,car_horn,1
1241,24074-1-0-13.wav,car_horn,1
1242,24074-1-0-2.wav,car_horn,1
1243,24074-1-0-3.wav,car_horn,1
1244,24074-1-0-4.wav,car_horn,1
1245,24074-1-0-5.wav,car_horn,1
1246,24074-1-0-6.wav,car_horn,1
1247,24074-1-0-7.wav,car_horn,1
1248,24074-1-0-8.wav,car_horn,1
1249,24074-1-0-9.wav,car_horn,1
1250,24076-1-0-0.wav,car_horn,10
1251,24076-1-1-0.wav,car_horn,10
1252,24631-6-0-0.wav,gun_shot,7
1253,24632-6-0-0.wav,gun_shot,4
1254,24632-6-1-0.wav,gun_shot,4
1255,24652-6-0-0.wav,gun_shot,4
1256,25037-6-0-0.wav,gun_shot,10
1257,25037-6-1-0.wav,gun_shot,10
1258,25038-6-0-0.wav,gun_shot,9
1259,25038-6-1-0.wav,gun_shot,9
1260,25039-6-0-0.wav,gun_shot,8
1261,25039-6-1-0.wav,gun_shot,8
1262,26176-1-0-0.wav,car_horn,8
1263,26177-1-0-0.wav,car_horn,5
1264,26177-1-1-0.wav,car_horn,5
1265,26177-1-2-0.wav,car_horn,5
1266,26185-1-0-0.wav,car_horn,9
1267,26185-1-1-0.wav,car_horn,9
1268,26186-1-0-0.wav,car_horn,9
1269,27068-1-0-0.wav,car_horn,9
1270,28808-1-0-0.wav,car_horn,10
1271,28808-1-0-1.wav,car_horn,10
1272,28808-1-0-10.wav,car_horn,10
1273,28808-1-0-11.wav,car_horn,10
1274,28808-1-0-2.wav,car_horn,10
1275,28808-1-0-3.wav,car_horn,10
1276,28808-1-0-4.wav,car_horn,10
1277,28808-1-0-5.wav,car_horn,10
1278,28808-1-0-6.wav,car_horn,10
1279,28808-1-0-7.wav,car_horn,10
1280,28808-1-0-8.wav,car_horn,10
1281,28808-1-0-9.wav,car_horn,10
1282,28808-1-1-0.wav,car_horn,10
1283,28808-1-1-1.wav,car_horn,10
1284,2937-1-0-0.wav,car_horn,10
1285,29932-1-0-0.wav,car_horn,6
1286,29932-1-1-0.wav,car_horn,6
1287,32417-1-0-0.wav,car_horn,3
1288,34241-1-0-0.wav,car_horn,7
1289,34241-1-1-0.wav,car_horn,7
1290,34241-1-2-0.wav,car_horn,7
1291,34708-6-0-0.wav,gun_shot,3
1292,34708-6-1-0.wav,gun_shot,3
1293,34708-6-2-0.wav,gun_shot,3
1294,34708-6-3-0.wav,gun_shot,3
1295,34708-6-4-0.wav,gun_shot,3
1296,34708-6-5-0.wav,gun_shot,3
1297,35799-6-0-0.wav,gun_shot,4
1298,35800-6-0-0.wav,gun_shot,2
1299,36403-6-0-0.wav,gun_shot,6
1300,37236-6-0-0.wav,gun_shot,2
1301,42101-1-1-0.wav,car_horn,9
1302,43802-1-0-0.wav,car_horn,6
1303,43802-1-1-0.wav,car_horn,6
1304,43802-1-2-0.wav,car_horn,6
1305,43803-1-0-0.wav,car_horn,5
1306,44278-1-0-0.wav,car_horn,4
1307,44278-1-1-0.wav,car_horn,4
1308,45256-1-0-0.wav,car_horn,5
1309,46391-1-0-0.wav,car_horn,5
1310,46391-1-1-0.wav,car_horn,5
1311,46654-6-0-0.wav,gun_shot,1
1312,46655-6-0-0.wav,gun_shot,2
1313,46656-6-0-0.wav,gun_shot,1
1314,46656-6-1-0.wav,gun_shot,1
1315,46656-6-2-0.wav,gun_shot,1
1316,46656-6-3-0.wav,gun_shot,1
1317,46656-6-4-0.wav,gun_shot,1
1318,46656-6-5-0.wav,gun_shot,1
1319,49974-1-0-0.wav,car_horn,8
1320,50618-6-0-0.wav,gun_shot,4
1321,52102-1-0-0.wav,car_horn,5
1322,52284-6-0-0.wav,gun_shot,8
1323,52357-6-0-0.wav,gun_shot,3
1324,54086-1-0-0.wav,car_horn,10
1325,54086-1-1-0.wav,car_horn,10
1326,54086-1-2-0.wav,car_horn,10
1327,54187-1-0-0.wav,car_horn,9
1328,54187-1-0-1.wav,car_horn,9
1329,54187-1-0-2.wav,car_horn,9
1330,54187-1-0-3.wav,car_horn,9
1331,54187-1-0-4.wav,car_horn,9
1332,57607-1-0-0.wav,car_horn,6
1333,58202-1-0-0.wav,car_horn,2
1334,64346-6-0-0.wav,gun_shot,6
1335,65472-1-0-0.wav,car_horn,5
1336,66115-1-0-0.wav,car_horn,10
1337,66115-1-0-1.wav,car_horn,10
1338,68657-1-0-0.wav,car_horn,6
1339,6984-1-0-0.wav,car_horn,8
1340,7060-6-0-0.wav,gun_shot,7
1341,7060-6-1-0.wav,gun_shot,7
1342,7060-6-2-0.wav,gun_shot,7
1343,7061-6-0-0.wav,gun_shot,1
1344,7062-6-0-0.wav,gun_shot,10
1345,7063-6-0-0.wav,gun_shot,9
1346,7064-6-0-0.wav,gun_shot,4
1347,7064-6-1-0.wav,gun_shot,4
1348,7064-6-2-0.wav,gun_shot,4
1349,7064-6-3-0.wav,gun_shot,4
1350,7064-6-4-0.wav,gun_shot,4
1351,7064-6-5-0.wav,gun_shot,4
1352,7065-6-0-0.wav,gun_shot,8
1353,7066-6-0-0.wav,gun_shot,5
1354,7066-6-1-0.wav,gun_shot,5
1355,7067-6-0-0.wav,gun_shot,7
1356,7068-6-0-0.wav,gun_shot,8
1357,71309-1-0-0.wav,car_horn,8
1358,71309-1-0-1.wav,car_horn,8
1359,71309-1-0-2.wav,car_horn,8
1360,71309-1-0-3.wav,car_horn,8
1361,71309-1-0-4.wav,car_horn,8
1362,71309-1-0-5.wav,car_horn,8
1363,71309-1-0-6.wav,car_horn,8
1364,71309-1-0-7.wav,car_horn,8
1365,71309-1-0-8.wav,car_horn,8
1366,71309-1-1-0.wav,car_horn,8
1367,71309-1-2-0.wav,car_horn,8
1368,71439-1-0-0.wav,car_horn,5
1369,71439-1-1-0.wav,car_horn,5
1370,71439-1-2-0.wav,car_horn,5
1371,71439-1-3-0.wav,car_horn,5
1372,72259-1-0-0.wav,car_horn,5
1373,72259-1-0-1.wav,car_horn,5
1374,72259-1-0-2.wav,car_horn,5
1375,72259-1-0-3.wav,car_horn,5
1376,72259-1-0-4.wav,car_horn,5
1377,72259-1-0-5.wav,car_horn,5
1378,72259-1-1-0.wav,car_horn,5
1379,72259-1-10-0.wav,car_horn,5
1380,72259-1-10-1.wav,car_horn,5
1381,72259-1-10-10.wav,car_horn,5
1382,72259-1-10-11.wav,car_horn,5
1383,72259-1-10-12.wav,car_horn,5
1384,72259-1-10-13.wav,car_horn,5
1385,72259-1-10-14.wav,car_horn,5
1386,72259-1-10-2.wav,car_horn,5
1387,72259-1-10-3.wav,car_horn,5
1388,72259-1-10-4.wav,car_horn,5
1389,72259-1-10-5.wav,car_horn,5
1390,72259-1-10-6.wav,car_horn,5
1391,72259-1-10-7.wav,car_horn,5
1392,72259-1-10-8.wav,car_horn,5
1393,72259-1-10-9.wav,car_horn,5
1394,72259-1-2-0.wav,car_horn,5
1395,72259-1-3-0.wav,car_horn,5
1396,72259-1-5-0.wav,car_horn,5
1397,72259-1-5-1.wav,car_horn,5
1398,72259-1-5-2.wav,car_horn,5
1399,72259-1-5-3.wav,car_horn,5
1400,72259-1-5-4.wav,car_horn,5
1401,72259-1-6-0.wav,car_horn,5
1402,72259-1-6-1.wav,car_horn,5
1403,72259-1-7-0.wav,car_horn,5
1404,72259-1-7-1.wav,car_horn,5
1405,72259-1-7-10.wav,car_horn,5
1406,72259-1-7-11.wav,car_horn,5
1407,72259-1-7-12.wav,car_horn,5
1408,72259-1-7-13.wav,car_horn,5
1409,72259-1-7-14.wav,car_horn,5
1410,72259-1-7-15.wav,car_horn,5
1411,72259-1-7-16.wav,car_horn,5
1412,72259-1-7-17.wav,car_horn,5
1413,72259-1-7-18.wav,car_horn,5
1414,72259-1-7-19.wav,car_horn,5
1415,72259-1-7-2.wav,car_horn,5
1416,72259-1-7-20.wav,car_horn,5
1417,72259-1-7-21.wav,car_horn,5
1418,72259-1-7-22.wav,car_horn,5
1419,72259-1-7-3.wav,car_horn,5
1420,72259-1-7-4.wav,car_horn,5
1421,72259-1-7-5.wav,car_horn,5
1422,72259-1-7-6.wav,car_horn,5
1423,72259-1-7-7.wav,car_horn,5
1424,72259-1-7-8.wav,car_horn,5
1425,72259-1-7-9.wav,car_horn,5
1426,72259-1-8-0.wav,car_horn,5
1427,72259-1-9-0.wav,car_horn,5
1428,72259-1-9-1.wav,car_horn,5
1429,72259-1-9-10.wav,car_horn,5
1430,72259-1-9-11.wav,car_horn,5
1431,72259-1-9-12.wav,car_horn,5
1432,72259-1-9-13.wav,car_horn,5
1433,72259-1-9-14.wav,car_horn,5
1434,72259-1-9-15.wav,car_horn,5
1435,72259-1-9-16.wav,car_horn,5
1436,72259-1-9-17.wav,car_horn,5
1437,72259-1-9-2.wav,car_horn,5
1438,72259-1-9-3.wav,car_horn,5
1439,72259-1-9-4.wav,car_horn,5
1440,72259-1-9-5.wav,car_horn,5
1441,72259-1-9-6.wav,car_horn,5
1442,72259-1-9-7.wav,car_horn,5
1443,72259-1-9-8.wav,car_horn,5
1444,72259-1-9-9.wav,car_horn,5
1445,72567-1-0-0.wav,car_horn,2
1446,72567-1-0-1.wav,car_horn,2
1447,72567-1-1-0.wav,car_horn,2
1448,72567-1-2-0.wav,car_horn,2
1449,72567-1-2-1.wav,car_horn,2
1450,72567-1-2-2.wav,car_horn,2
1451,72567-1-2-3.wav,car_horn,2
1452,72567-1-2-4.wav,car_horn,2
1453,72567-1-2-5.wav,car_horn,2
1454,72567-1-3-0.wav,car_horn,2
1455,72567-1-4-0.wav,car_horn,2
1456,72567-1-4-1.wav,car_horn,2
1457,72567-1-4-2.wav,car_horn,2
1458,72567-1-4-3.wav,car_horn,2
1459,72567-1-4-4.wav,car_horn,2
1460,72567-1-4-5.wav,car_horn,2
1461,72567-1-4-6.wav,car_horn,2
1462,72567-1-4-7.wav,car_horn,2
1463,72567-1-5-0.wav,car_horn,2
1464,73168-1-0-0.wav,car_horn,9
1465,73168-1-1-0.wav,car_horn,9
1466,73168-1-2-0.wav,car_horn,9
1467,7389-1-0-0.wav,car_horn,4
1468,7389-1-0-1.wav,car_horn,4
1469,7389-1-0-2.wav,car_horn,4
1470,7389-1-0-3.wav,car_horn,4
1471,7389-1-0-4.wav,car_horn,4
1472,7389-1-0-5.wav,car_horn,4
1473,7389-1-0-6.wav,car_horn,4
1474,7389-1-0-7.wav,car_horn,4
1475,7389-1-1-0.wav,car_horn,4
1476,76089-6-0-0.wav,gun_shot,2
1477,76090-6-0-0.wav,gun_shot,2
1478,76090-6-1-0.wav,gun_shot,2
1479,76091-6-0-0.wav,gun_shot,2
1480,76091-6-1-0.wav,gun_shot,2
1481,76091-6-2-0.wav,gun_shot,2
1482,76091-6-3-0.wav,gun_shot,2
1483,76091-6-4-0.wav,gun_shot,2
1484,76091-6-5-0.wav,gun_shot,2
1485,76093-6-0-0.wav,gun_shot,1
1486,76093-6-1-0.wav,gun_shot,1
1487,76094-6-0-0.wav,gun_shot,3
1488,76094-6-1-0.wav,gun_shot,3
1489,77246-6-0-0.wav,gun_shot,1
1490,77247-6-0-0.wav,gun_shot,5
1491,78776-6-0-0.wav,gun_shot,3
1492,84254-6-0-0.wav,gun_shot,5
1493,86278-6-0-0.wav,gun_shot,1
1494,87562-6-0-0.wav,gun_shot,9
1495,93139-6-0-0.wav,gun_shot,5
