filename,fold,class_id,class_name
105289-8-0-4.wav,7,8,siren
158608-8-0-4.wav,4,8,siren
54545-3-0-1.wav,2,3,dog_bark
159738-8-0-4.wav,1,8,siren
72724-3-2-7.wav,4,3,dog_bark
144028-3-0-0.wav,8,3,dog_bark
107357-8-1-18.wav,7,8,siren
147317-6-0-0.wav,7,6,gun_shot
135544-6-12-0.wav,6,6,gun_shot
148835-6-3-0.wav,6,6,gun_shot
107090-1-0-0.wav,8,1,car_horn
187378-3-0-7.wav,9,3,dog_bark
25039-6-0-0.wav,8,6,gun_shot
207124-3-0-0.wav,3,3,dog_bark
34708-6-4-0.wav,3,6,gun_shot
123688-8-0-1.wav,2,8,siren
121299-1-0-0.wav,5,1,car_horn
17486-3-2-0.wav,10,3,dog_bark
74364-8-1-19.wav,10,8,siren
76566-3-0-3.wav,5,3,dog_bark
55013-3-0-1.wav,8,3,dog_bark
42101-1-1-0.wav,9,1,car_horn
74726-8-1-1.wav,6,8,siren
159754-8-0-0.wav,5,8,siren
125554-3-0-0.wav,6,3,dog_bark
157867-8-0-3.wav,1,8,siren
178497-3-0-6.wav,5,3,dog_bark
102871-8-0-10.wav,2,8,siren
65750-3-3-74.wav,3,3,dog_bark
30832-3-7-0.wav,4,3,dog_bark
7389-1-0-5.wav,4,1,car_horn
24347-8-0-6.wav,4,8,siren
118072-3-0-0.wav,6,3,dog_bark
22601-8-0-13.wav,3,8,siren
107357-8-0-2.wav,7,8,siren
159751-8-0-18.wav,4,8,siren
159747-8-0-13.wav,2,8,siren
110918-3-0-40.wav,7,3,dog_bark
72259-1-9-6.wav,5,1,car_horn
138015-3-0-1.wav,1,3,dog_bark
161195-6-0-0.wav,3,6,gun_shot
102871-8-0-15.wav,2,8,siren
100648-1-4-0.wav,10,1,car_horn
72259-1-10-3.wav,5,1,car_horn
28808-1-0-0.wav,10,1,car_horn
185436-1-2-0.wav,5,1,car_horn
52633-3-0-2.wav,8,3,dog_bark
160575-3-7-0.wav,6,3,dog_bark
203440-3-0-1.wav,1,3,dog_bark
26256-3-4-0.wav,4,3,dog_bark
85665-3-0-0.wav,10,3,dog_bark
93139-6-0-0.wav,5,6,gun_shot
151065-6-0-0.wav,7,6,gun_shot
157800-6-0-0.wav,10,6,gun_shot
159747-8-0-2.wav,2,8,siren
164625-1-0-0.wav,9,1,car_horn
148632-8-0-10.wav,8,8,siren
184575-3-0-3.wav,9,3,dog_bark
72259-1-10-1.wav,5,1,car_horn
126521-3-0-17.wav,5,3,dog_bark
93567-8-0-8.wav,10,8,siren
20285-3-1-1.wav,5,3,dog_bark
159747-8-0-5.wav,2,8,siren
124389-8-1-1.wav,6,8,siren
159751-8-0-20.wav,4,8,siren
18933-1-0-0.wav,6,1,car_horn
7064-6-0-0.wav,4,6,gun_shot
52740-3-0-0.wav,9,3,dog_bark
72220-3-2-4.wav,10,3,dog_bark
43784-3-1-0.wav,7,3,dog_bark
116485-3-0-4.wav,7,3,dog_bark
22601-8-0-8.wav,3,8,siren
72538-3-0-4.wav,10,3,dog_bark
159753-8-0-0.wav,4,8,siren
135528-6-3-0.wav,4,6,gun_shot
99812-1-0-0.wav,7,1,car_horn
96657-8-0-3.wav,8,8,siren
194753-3-2-0.wav,6,3,dog_bark
162433-6-1-0.wav,8,6,gun_shot
20571-3-0-0.wav,10,3,dog_bark
14358-3-0-90.wav,6,3,dog_bark
38231-3-4-0.wav,4,3,dog_bark
115411-3-2-0.wav,7,3,dog_bark
156897-6-0-0.wav,4,6,gun_shot
54545-3-0-0.wav,2,3,dog_bark
35799-6-0-0.wav,4,6,gun_shot
41372-3-0-39.wav,3,3,dog_bark
123688-8-1-2.wav,2,8,siren
157868-8-0-6.wav,8,8,siren
24074-1-0-2.wav,1,1,car_horn
117072-3-0-8.wav,3,3,dog_bark
24347-8-0-72.wav,4,8,siren
85574-3-0-2.wav,10,3,dog_bark
123688-8-0-9.wav,2,8,siren
38231-3-3-0.wav,4,3,dog_bark
203128-3-1-0.wav,2,3,dog_bark
74364-8-1-21.wav,10,8,siren
17486-3-0-0.wav,10,3,dog_bark
102871-8-0-5.wav,2,8,siren
159751-8-0-14.wav,4,8,siren
35629-3-3-0.wav,4,3,dog_bark
22601-8-0-38.wav,3,8,siren
74950-3-2-5.wav,4,3,dog_bark
71177-8-1-2.wav,8,8,siren
156869-8-0-4.wav,5,8,siren
197243-3-0-0.wav,5,3,dog_bark
106905-8-0-3.wav,1,8,siren
151071-6-0-0.wav,3,6,gun_shot
159747-8-0-12.wav,2,8,siren
24347-8-0-82.wav,4,8,siren
135544-6-1-0.wav,6,6,gun_shot
135528-6-8-0.wav,4,6,gun_shot
24074-1-0-4.wav,1,1,car_horn
57323-8-0-3.wav,7,8,siren
94636-8-0-14.wav,3,8,siren
199769-1-0-1.wav,3,1,car_horn
105289-8-1-1.wav,7,8,siren
95532-3-0-0.wav,6,3,dog_bark
157868-8-0-16.wav,8,8,siren
24347-8-0-71.wav,4,8,siren
174294-6-1-0.wav,1,6,gun_shot
159742-8-0-4.wav,10,8,siren
87275-1-4-0.wav,1,1,car_horn
49809-3-3-0.wav,3,3,dog_bark
116163-3-0-0.wav,5,3,dog_bark
76093-6-0-0.wav,1,6,gun_shot
197318-6-8-0.wav,1,6,gun_shot
109233-3-0-6.wav,6,3,dog_bark
102871-8-0-8.wav,2,8,siren
17615-3-0-4.wav,3,3,dog_bark
111671-8-0-15.wav,5,8,siren
4918-3-0-0.wav,8,3,dog_bark
102103-3-0-0.wav,10,3,dog_bark
159701-6-1-0.wav,5,6,gun_shot
33849-3-2-0.wav,2,3,dog_bark
66996-8-1-0.wav,2,8,siren
22601-8-0-42.wav,3,8,siren
7389-1-0-4.wav,4,1,car_horn
165567-3-0-0.wav,9,3,dog_bark
18594-1-1-0.wav,3,1,car_horn
197320-6-6-0.wav,2,6,gun_shot
22601-8-0-7.wav,3,8,siren
42117-8-0-5.wav,3,8,siren
164053-8-2-0.wav,1,8,siren
72259-1-9-1.wav,5,1,car_horn
157868-8-0-7.wav,8,8,siren
174287-6-2-0.wav,9,6,gun_shot
148632-8-0-9.wav,8,8,siren
54187-1-0-3.wav,9,1,car_horn
159751-8-0-10.wav,4,8,siren
76091-6-4-0.wav,2,6,gun_shot
196127-3-0-3.wav,10,3,dog_bark
72259-1-9-14.wav,5,1,car_horn
22601-8-0-25.wav,3,8,siren
7389-1-0-2.wav,4,1,car_horn
7389-1-4-2.wav,4,1,car_horn
176003-1-0-0.wav,4,1,car_horn
41372-3-0-51.wav,3,3,dog_bark
207962-3-1-0.wav,7,3,dog_bark
71700-3-3-2.wav,8,3,dog_bark
72259-1-10-8.wav,5,1,car_horn
102853-8-0-1.wav,7,8,siren
105289-8-2-5.wav,7,8,siren
72259-1-7-12.wav,5,1,car_horn
135527-6-14-10.wav,7,6,gun_shot
110918-3-0-26.wav,7,3,dog_bark
157867-8-0-8.wav,1,8,siren
135527-6-14-7.wav,7,6,gun_shot
62048-3-0-5.wav,8,3,dog_bark
34872-3-0-0.wav,5,3,dog_bark
54898-8-0-9.wav,3,8,siren
148632-8-0-8.wav,8,8,siren
7913-3-3-0.wav,10,3,dog_bark
179865-1-0-0.wav,3,1,car_horn
38121-3-0-0.wav,6,3,dog_bark
155311-3-0-0.wav,10,3,dog_bark
208030-3-1-0.wav,6,3,dog_bark
159738-8-0-18.wav,1,8,siren
82811-3-3-0.wav,3,3,dog_bark
159751-8-0-7.wav,4,8,siren
24347-8-0-45.wav,4,8,siren
7389-1-3-5.wav,4,1,car_horn
107357-8-1-12.wav,7,8,siren
65745-3-0-88.wav,7,3,dog_bark
50223-3-0-10.wav,9,3,dog_bark
24347-8-0-96.wav,4,8,siren
207124-3-1-0.wav,3,3,dog_bark
24347-8-0-25.wav,4,8,siren
148632-8-0-6.wav,8,8,siren
42117-8-0-8.wav,3,8,siren
71312-3-0-5.wav,10,3,dog_bark
142641-3-0-0.wav,10,3,dog_bark
34241-1-0-0.wav,7,1,car_horn
49974-1-0-0.wav,8,1,car_horn
74726-8-0-5.wav,6,8,siren
189846-3-4-0.wav,8,3,dog_bark
74364-8-1-9.wav,10,8,siren
51022-3-13-0.wav,1,3,dog_bark
118279-8-0-13.wav,1,8,siren
191687-3-0-5.wav,7,3,dog_bark
29936-3-3-0.wav,8,3,dog_bark
174284-6-2-0.wav,7,6,gun_shot
65750-3-3-68.wav,3,3,dog_bark
74726-8-0-13.wav,6,8,siren
100795-3-1-1.wav,10,3,dog_bark
71439-1-0-0.wav,5,1,car_horn
22601-8-0-28.wav,3,8,siren
72259-1-7-8.wav,5,1,car_horn
203913-8-0-12.wav,5,8,siren
159745-8-1-0.wav,9,8,siren
145206-6-2-0.wav,8,6,gun_shot
135528-6-9-0.wav,4,6,gun_shot
135544-6-18-0.wav,6,6,gun_shot
148632-8-0-7.wav,8,8,siren
110371-3-1-1.wav,5,3,dog_bark
135544-6-4-0.wav,6,6,gun_shot
42117-8-0-13.wav,3,8,siren
62878-8-0-1.wav,7,8,siren
157867-8-0-23.wav,1,8,siren
72265-3-7-0.wav,9,3,dog_bark
72259-1-10-2.wav,5,1,car_horn
135527-6-14-1.wav,7,6,gun_shot
7389-1-4-5.wav,4,1,car_horn
162432-6-13-0.wav,5,6,gun_shot
63932-3-1-1.wav,4,3,dog_bark
97392-3-0-0.wav,6,3,dog_bark
47926-3-2-0.wav,4,3,dog_bark
159747-8-0-11.wav,2,8,siren
203913-8-0-10.wav,5,8,siren
74364-8-1-2.wav,10,8,siren
179386-3-0-1.wav,3,3,dog_bark
50614-3-0-0.wav,7,3,dog_bark
74723-3-0-0.wav,4,3,dog_bark
52171-3-6-0.wav,9,3,dog_bark
135526-6-8-0.wav,3,6,gun_shot
122199-3-1-6.wav,8,3,dog_bark
197073-3-0-0.wav,1,3,dog_bark
176257-3-0-0.wav,1,3,dog_bark
25038-6-0-0.wav,9,6,gun_shot
145683-6-3-0.wav,9,6,gun_shot
65381-3-0-6.wav,5,3,dog_bark
94636-8-0-2.wav,3,8,siren
114587-3-0-4.wav,1,3,dog_bark
157322-3-0-3.wav,6,3,dog_bark
102103-3-1-0.wav,10,3,dog_bark
97193-3-0-4.wav,2,3,dog_bark
116484-3-0-12.wav,4,3,dog_bark
203356-3-0-2.wav,1,3,dog_bark
72259-1-10-4.wav,5,1,car_horn
77927-3-0-1.wav,10,3,dog_bark
197075-3-6-0.wav,6,3,dog_bark
18581-3-1-1.wav,2,3,dog_bark
173995-3-0-3.wav,2,3,dog_bark
143115-1-1-0.wav,6,1,car_horn
135544-6-5-0.wav,6,6,gun_shot
42117-8-0-6.wav,3,8,siren
197318-6-2-0.wav,1,6,gun_shot
54898-8-0-10.wav,3,8,siren
135527-6-1-0.wav,7,6,gun_shot
30344-3-0-3.wav,10,3,dog_bark
157868-8-0-4.wav,8,8,siren
22601-8-0-52.wav,3,8,siren
145577-1-0-0.wav,2,1,car_horn
162728-1-0-0.wav,7,1,car_horn
63292-3-0-1.wav,3,3,dog_bark
4201-3-2-0.wav,2,3,dog_bark
111671-8-0-5.wav,5,8,siren
107357-8-1-2.wav,7,8,siren
95549-3-0-6.wav,8,3,dog_bark
4201-3-3-0.wav,2,3,dog_bark
159744-8-0-2.wav,9,8,siren
179386-3-0-0.wav,3,3,dog_bark
102547-3-0-7.wav,5,3,dog_bark
72259-1-0-5.wav,5,1,car_horn
9031-3-4-0.wav,1,3,dog_bark
102871-8-0-4.wav,2,8,siren
72567-1-4-4.wav,2,1,car_horn
155488-3-0-6.wav,6,3,dog_bark
13577-3-0-2.wav,5,3,dog_bark
93567-8-0-0.wav,10,8,siren
85362-3-1-0.wav,7,3,dog_bark
180156-1-7-0.wav,9,1,car_horn
101281-3-0-0.wav,6,3,dog_bark
67049-3-0-1.wav,7,3,dog_bark
72567-1-4-6.wav,2,1,car_horn
24074-1-0-1.wav,1,1,car_horn
94636-8-0-18.wav,3,8,siren
81791-3-0-0.wav,10,3,dog_bark
111671-8-0-9.wav,5,8,siren
102842-3-1-6.wav,1,3,dog_bark
54898-8-0-0.wav,3,8,siren
22601-8-0-43.wav,3,8,siren
159747-8-0-6.wav,2,8,siren
63261-3-0-0.wav,2,3,dog_bark
27217-3-0-22.wav,7,3,dog_bark
94636-8-0-1.wav,3,8,siren
197318-6-0-0.wav,1,6,gun_shot
123688-8-2-3.wav,2,8,siren
83488-1-1-0.wav,7,1,car_horn
135544-6-8-0.wav,6,6,gun_shot
197073-3-4-3.wav,1,3,dog_bark
203956-1-0-0.wav,4,1,car_horn
123688-8-2-0.wav,2,8,siren
99812-1-3-0.wav,7,1,car_horn
163459-3-0-0.wav,10,3,dog_bark
90014-8-0-5.wav,3,8,siren
111048-6-0-0.wav,6,6,gun_shot
119420-3-0-0.wav,9,3,dog_bark
35628-3-0-0.wav,10,3,dog_bark
179386-3-0-2.wav,3,3,dog_bark
203913-8-0-3.wav,5,8,siren
7389-1-2-3.wav,4,1,car_horn
26177-1-2-0.wav,5,1,car_horn
66115-1-0-1.wav,10,1,car_horn
9031-3-2-0.wav,1,3,dog_bark
72259-1-7-11.wav,5,1,car_horn
73168-1-1-0.wav,9,1,car_horn
196561-3-0-29.wav,8,3,dog_bark
145611-6-1-0.wav,5,6,gun_shot
17307-1-0-0.wav,2,1,car_horn
12647-3-1-0.wav,3,3,dog_bark
157866-8-0-19.wav,9,8,siren
164782-8-0-3.wav,5,8,siren
157867-8-0-7.wav,1,8,siren
158607-3-2-0.wav,2,3,dog_bark
88121-8-0-3.wav,10,8,siren
98536-8-0-0.wav,8,8,siren
103076-3-1-0.wav,8,3,dog_bark
24347-8-0-8.wav,4,8,siren
124389-8-1-13.wav,6,8,siren
157868-8-0-23.wav,8,8,siren
72259-1-9-15.wav,5,1,car_horn
162541-1-0-0.wav,2,1,car_horn
183989-3-1-25.wav,4,3,dog_bark
135160-8-0-11.wav,6,8,siren
93567-8-0-15.wav,10,8,siren
74364-8-1-4.wav,10,8,siren
135528-6-2-0.wav,4,6,gun_shot
164311-3-1-0.wav,6,3,dog_bark
118279-8-0-11.wav,1,8,siren
159754-8-3-0.wav,5,8,siren
100652-3-0-2.wav,2,3,dog_bark
157866-8-0-18.wav,9,8,siren
162432-6-0-0.wav,5,6,gun_shot
157867-8-0-18.wav,1,8,siren
159752-8-0-4.wav,4,8,siren
124389-8-1-16.wav,6,8,siren
40717-8-0-3.wav,2,8,siren
148632-8-0-4.wav,8,8,siren
22601-8-0-15.wav,3,8,siren
155299-3-1-1.wav,7,3,dog_bark
43784-3-0-0.wav,7,3,dog_bark
107357-8-1-1.wav,7,8,siren
117048-3-0-23.wav,3,3,dog_bark
24347-8-0-53.wav,4,8,siren
27349-3-1-2.wav,2,3,dog_bark
170015-3-0-0.wav,3,3,dog_bark
105319-3-0-39.wav,6,3,dog_bark
156868-8-1-0.wav,4,8,siren
24347-8-0-90.wav,4,8,siren
93567-8-0-18.wav,10,8,siren
107357-8-0-1.wav,7,8,siren
159744-8-0-3.wav,9,8,siren
184623-8-0-2.wav,3,8,siren
22601-8-0-46.wav,3,8,siren
208030-3-4-0.wav,6,3,dog_bark
47926-3-3-0.wav,4,3,dog_bark
164782-8-0-1.wav,5,8,siren
95549-3-0-14.wav,8,3,dog_bark
194754-3-0-1.wav,7,3,dog_bark
159753-8-0-6.wav,4,8,siren
184725-3-0-4.wav,3,3,dog_bark
118070-1-0-0.wav,3,1,car_horn
24347-8-0-80.wav,4,8,siren
135528-6-6-0.wav,4,6,gun_shot
117181-8-0-2.wav,8,8,siren
132073-1-1-0.wav,2,1,car_horn
159751-8-0-15.wav,4,8,siren
159742-8-0-12.wav,10,8,siren
103076-3-2-0.wav,8,3,dog_bark
148632-8-0-1.wav,8,8,siren
74364-8-1-12.wav,10,8,siren
136399-6-3-0.wav,9,6,gun_shot
24347-8-0-35.wav,4,8,siren
7389-1-4-12.wav,4,1,car_horn
81722-3-0-22.wav,9,3,dog_bark
175917-3-1-1.wav,6,3,dog_bark
59513-3-0-0.wav,10,3,dog_bark
24347-8-0-21.wav,4,8,siren
148828-6-0-0.wav,7,6,gun_shot
203356-3-0-1.wav,1,3,dog_bark
72259-1-10-11.wav,5,1,car_horn
72723-3-0-0.wav,9,3,dog_bark
159754-8-2-0.wav,5,8,siren
138015-3-0-7.wav,1,3,dog_bark
24965-3-2-0.wav,7,3,dog_bark
72259-1-9-13.wav,5,1,car_horn
20841-3-6-0.wav,3,3,dog_bark
89213-3-0-0.wav,5,3,dog_bark
64346-6-0-0.wav,6,6,gun_shot
135544-6-0-0.wav,6,6,gun_shot
79584-3-1-2.wav,9,3,dog_bark
87275-1-0-0.wav,1,1,car_horn
128465-1-0-5.wav,6,1,car_horn
204919-3-4-0.wav,6,3,dog_bark
25037-6-0-0.wav,10,6,gun_shot
191382-3-1-0.wav,5,3,dog_bark
4911-3-0-0.wav,2,3,dog_bark
7389-1-4-7.wav,4,1,car_horn
20015-3-0-4.wav,5,3,dog_bark
344-3-1-0.wav,4,3,dog_bark
133473-8-0-2.wav,8,8,siren
159747-8-0-20.wav,2,8,siren
161922-3-1-5.wav,6,3,dog_bark
147672-3-1-0.wav,2,3,dog_bark
159738-8-0-11.wav,1,8,siren
72259-1-0-4.wav,5,1,car_horn
118496-1-0-0.wav,3,1,car_horn
192236-3-0-2.wav,7,3,dog_bark
159750-8-0-8.wav,2,8,siren
63292-3-0-0.wav,3,3,dog_bark
52441-3-0-0.wav,4,3,dog_bark
201207-3-29-0.wav,4,3,dog_bark
208652-8-0-0.wav,10,8,siren
153057-1-0-0.wav,7,1,car_horn
7383-3-1-0.wav,1,3,dog_bark
28808-1-0-2.wav,10,1,car_horn
183992-3-0-6.wav,7,3,dog_bark
42117-8-0-7.wav,3,8,siren
199769-1-0-16.wav,3,1,car_horn
31325-3-1-0.wav,8,3,dog_bark
99812-1-6-0.wav,7,1,car_horn
43805-8-2-0.wav,7,8,siren
59800-3-1-0.wav,9,3,dog_bark
159747-8-0-15.wav,2,8,siren
40717-8-0-1.wav,2,8,siren
74726-8-1-2.wav,6,8,siren
145612-6-0-0.wav,8,6,gun_shot
159745-8-0-0.wav,9,8,siren
159738-8-0-13.wav,1,8,siren
72259-1-7-22.wav,5,1,car_horn
125520-1-1-0.wav,8,1,car_horn
23131-3-5-0.wav,2,3,dog_bark
159751-8-0-19.wav,4,8,siren
160575-3-4-0.wav,6,3,dog_bark
49809-3-4-0.wav,3,3,dog_bark
7066-6-0-0.wav,5,6,gun_shot
65381-3-0-3.wav,5,3,dog_bark
7060-6-0-0.wav,7,6,gun_shot
27349-3-2-1.wav,2,3,dog_bark
162703-1-0-0.wav,1,1,car_horn
76091-6-1-0.wav,2,6,gun_shot
24347-8-0-33.wav,4,8,siren
123688-8-0-0.wav,2,8,siren
180257-3-0-1.wav,7,3,dog_bark
89212-3-0-0.wav,1,3,dog_bark
173993-3-0-52.wav,5,3,dog_bark
181725-3-0-22.wav,5,3,dog_bark
23131-3-2-0.wav,2,3,dog_bark
159704-6-0-0.wav,6,6,gun_shot
123688-8-0-14.wav,2,8,siren
75490-8-1-0.wav,6,8,siren
94636-8-0-8.wav,3,8,siren
187356-1-2-0.wav,4,1,car_horn
158979-6-0-0.wav,6,6,gun_shot
160366-3-0-4.wav,2,3,dog_bark
159751-8-0-21.wav,4,8,siren
72567-1-4-2.wav,2,1,car_horn
124389-8-1-11.wav,6,8,siren
74495-3-0-1.wav,2,3,dog_bark
159708-6-3-0.wav,7,6,gun_shot
164053-8-2-2.wav,1,8,siren
200161-3-6-4.wav,3,3,dog_bark
22347-3-3-0.wav,2,3,dog_bark
208652-8-2-0.wav,10,8,siren
164053-8-2-3.wav,1,8,siren
94020-8-1-0.wav,4,8,siren
203913-8-0-6.wav,5,8,siren
72259-1-10-13.wav,5,1,car_horn
35296-3-1-0.wav,4,3,dog_bark
74726-8-2-3.wav,6,8,siren
102871-8-0-9.wav,2,8,siren
148833-6-1-0.wav,6,6,gun_shot
72539-3-0-6.wav,2,3,dog_bark
166268-3-0-0.wav,1,3,dog_bark
99812-1-0-2.wav,7,1,car_horn
123688-8-2-2.wav,2,8,siren
159708-6-6-0.wav,7,6,gun_shot
82811-3-0-1.wav,3,3,dog_bark
117048-3-0-35.wav,3,3,dog_bark
176638-1-1-0.wav,1,1,car_horn
19503-3-0-0.wav,5,3,dog_bark
159742-8-0-10.wav,10,8,siren
24347-8-0-78.wav,4,8,siren
180156-1-9-0.wav,9,1,car_horn
145608-6-3-0.wav,2,6,gun_shot
157801-6-0-0.wav,9,6,gun_shot
59800-3-2-0.wav,9,3,dog_bark
62048-3-0-3.wav,8,3,dog_bark
76566-3-0-8.wav,5,3,dog_bark
93567-8-0-14.wav,10,8,siren
43806-8-0-0.wav,1,8,siren
199769-1-0-0.wav,3,1,car_horn
159747-8-0-8.wav,2,8,siren
105289-8-1-4.wav,7,8,siren
197318-6-12-0.wav,1,6,gun_shot
199769-1-0-2.wav,3,1,car_horn
28808-1-1-1.wav,10,1,car_horn
159747-8-0-19.wav,2,8,siren
30226-3-1-1.wav,8,3,dog_bark
157207-6-5-0.wav,10,6,gun_shot
24965-3-3-0.wav,7,3,dog_bark
74726-8-0-15.wav,6,8,siren
159751-8-0-12.wav,4,8,siren
187356-1-0-0.wav,4,1,car_horn
57323-8-0-0.wav,7,8,siren
196561-3-0-16.wav,8,3,dog_bark
102853-8-0-3.wav,7,8,siren
118964-3-0-0.wav,4,3,dog_bark
159707-6-0-0.wav,9,6,gun_shot
111671-8-0-7.wav,5,8,siren
74726-8-0-16.wav,6,8,siren
52740-3-0-2.wav,9,3,dog_bark
30226-3-1-5.wav,8,3,dog_bark
72259-1-5-1.wav,5,1,car_horn
128891-3-0-5.wav,6,3,dog_bark
24347-8-0-0.wav,4,8,siren
197318-6-4-0.wav,1,6,gun_shot
71177-8-2-0.wav,8,8,siren
71309-1-0-6.wav,8,1,car_horn
108187-3-6-0.wav,2,3,dog_bark
157867-8-0-4.wav,1,8,siren
159752-8-2-1.wav,4,8,siren
159738-8-0-14.wav,1,8,siren
187356-1-3-0.wav,4,1,car_horn
180256-3-0-2.wav,1,3,dog_bark
50612-3-0-0.wav,7,3,dog_bark
51024-3-0-3.wav,10,3,dog_bark
162433-6-6-0.wav,8,6,gun_shot
158608-8-0-0.wav,4,8,siren
190996-3-0-1.wav,8,3,dog_bark
54086-1-0-0.wav,10,1,car_horn
44278-1-1-0.wav,4,1,car_horn
151069-6-0-0.wav,8,6,gun_shot
85574-3-0-8.wav,10,3,dog_bark
24347-8-0-50.wav,4,8,siren
76089-6-0-0.wav,2,6,gun_shot
174285-6-1-0.wav,8,6,gun_shot
183894-1-8-0.wav,7,1,car_horn
124389-8-1-5.wav,6,8,siren
71177-8-0-1.wav,8,8,siren
159750-8-0-5.wav,2,8,siren
105289-8-0-2.wav,7,8,siren
74726-8-0-2.wav,6,8,siren
24347-8-0-65.wav,4,8,siren
175915-3-0-3.wav,9,3,dog_bark
22601-8-0-53.wav,3,8,siren
180156-1-1-0.wav,9,1,car_horn
149177-6-0-0.wav,2,6,gun_shot
116485-3-2-4.wav,7,3,dog_bark
74513-3-0-0.wav,7,3,dog_bark
203355-3-0-0.wav,6,3,dog_bark
164627-1-0-0.wav,7,1,car_horn
155299-3-1-0.wav,7,3,dog_bark
94868-1-0-0.wav,1,1,car_horn
157207-6-8-0.wav,10,6,gun_shot
135160-8-0-8.wav,6,8,siren
176783-3-0-11.wav,3,3,dog_bark
105289-8-0-0.wav,7,8,siren
135544-6-10-0.wav,6,6,gun_shot
54898-8-0-2.wav,3,8,siren
183894-1-6-0.wav,7,1,car_horn
9674-1-0-0.wav,3,1,car_horn
50885-3-0-5.wav,5,3,dog_bark
162432-6-12-0.wav,5,6,gun_shot
24347-8-0-44.wav,4,8,siren
28808-1-0-4.wav,10,1,car_horn
113785-3-1-0.wav,2,3,dog_bark
117271-3-0-3.wav,6,3,dog_bark
187378-3-0-19.wav,9,3,dog_bark
157207-6-6-0.wav,10,6,gun_shot
72579-3-0-0.wav,1,3,dog_bark
57105-3-4-4.wav,9,3,dog_bark
22601-8-0-54.wav,3,8,siren
115536-3-0-0.wav,3,3,dog_bark
52077-3-0-13.wav,3,3,dog_bark
148835-6-0-0.wav,6,6,gun_shot
7065-6-0-0.wav,8,6,gun_shot
117536-1-0-0.wav,4,1,car_horn
199769-1-0-18.wav,3,1,car_horn
152588-3-2-0.wav,9,3,dog_bark
203913-8-1-3.wav,5,8,siren
185436-1-0-0.wav,5,1,car_horn
103076-3-0-0.wav,8,3,dog_bark
117181-8-0-5.wav,8,8,siren
190680-3-4-0.wav,6,3,dog_bark
158608-8-0-3.wav,4,8,siren
74726-8-2-0.wav,6,8,siren
27217-3-0-6.wav,7,3,dog_bark
174873-3-5-13.wav,8,3,dog_bark
135160-8-0-7.wav,6,8,siren
87275-1-1-0.wav,1,1,car_horn
14524-1-0-0.wav,7,1,car_horn
159701-6-3-0.wav,5,6,gun_shot
187378-3-0-12.wav,9,3,dog_bark
74364-8-1-16.wav,10,8,siren
116484-3-0-8.wav,4,3,dog_bark
155283-1-1-0.wav,8,1,car_horn
197320-6-12-0.wav,2,6,gun_shot
24347-8-0-83.wav,4,8,siren
54858-3-1-2.wav,1,3,dog_bark
203128-3-6-0.wav,2,3,dog_bark
158608-8-0-1.wav,4,8,siren
125520-1-4-0.wav,8,1,car_horn
30832-3-12-0.wav,4,3,dog_bark
159748-8-2-4.wav,9,8,siren
30832-3-5-1.wav,4,3,dog_bark
7389-1-0-6.wav,4,1,car_horn
95404-3-0-4.wav,4,3,dog_bark
74726-8-1-0.wav,6,8,siren
135528-6-7-0.wav,4,6,gun_shot
165166-8-0-4.wav,10,8,siren
162541-1-1-0.wav,2,1,car_horn
24347-8-0-18.wav,4,8,siren
199769-1-0-11.wav,3,1,car_horn
145206-6-0-0.wav,8,6,gun_shot
174293-6-0-0.wav,2,6,gun_shot
7389-1-2-1.wav,4,1,car_horn
7389-1-4-0.wav,4,1,car_horn
148835-6-1-0.wav,6,6,gun_shot
199769-1-0-17.wav,3,1,car_horn
24652-6-0-0.wav,4,6,gun_shot
72259-1-7-16.wav,5,1,car_horn
119420-3-1-0.wav,9,3,dog_bark
159738-8-0-19.wav,1,8,siren
22601-8-0-49.wav,3,8,siren
135544-6-16-0.wav,6,6,gun_shot
111671-8-0-4.wav,5,8,siren
24347-8-0-62.wav,4,8,siren
9674-1-0-2.wav,3,1,car_horn
159708-6-2-0.wav,7,6,gun_shot
118101-3-0-3.wav,1,3,dog_bark
85661-3-0-0.wav,9,3,dog_bark
72567-1-2-2.wav,2,1,car_horn
174282-6-2-0.wav,9,6,gun_shot
197320-6-3-0.wav,2,6,gun_shot
26185-1-1-0.wav,9,1,car_horn
22601-8-0-16.wav,3,8,siren
40722-8-0-4.wav,1,8,siren
102871-8-0-12.wav,2,8,siren
197320-6-0-0.wav,2,6,gun_shot
47926-3-1-0.wav,4,3,dog_bark
74950-3-0-0.wav,4,3,dog_bark
26256-3-7-36.wav,4,3,dog_bark
34952-8-0-0.wav,6,8,siren
184725-3-0-2.wav,3,3,dog_bark
157322-3-0-5.wav,6,3,dog_bark
183989-3-1-23.wav,4,3,dog_bark
116400-3-0-2.wav,3,3,dog_bark
164626-1-0-0.wav,8,1,car_horn
58382-3-0-0.wav,5,3,dog_bark
72259-1-0-3.wav,5,1,car_horn
71177-8-1-3.wav,8,8,siren
40722-8-0-2.wav,1,8,siren
99812-1-5-0.wav,7,1,car_horn
157207-6-3-0.wav,10,6,gun_shot
72259-1-7-14.wav,5,1,car_horn
7068-6-0-0.wav,8,6,gun_shot
173993-3-0-25.wav,5,3,dog_bark
135544-6-13-0.wav,6,6,gun_shot
183989-3-1-21.wav,4,3,dog_bark
40722-8-0-8.wav,1,8,siren
157695-3-0-19.wav,4,3,dog_bark
162432-6-4-0.wav,5,6,gun_shot
74725-3-0-1.wav,4,3,dog_bark
125791-3-0-13.wav,1,3,dog_bark
201207-3-13-0.wav,4,3,dog_bark
72537-3-0-8.wav,3,3,dog_bark
27216-3-0-18.wav,7,3,dog_bark
164782-8-0-4.wav,5,8,siren
159750-8-0-6.wav,2,8,siren
158977-6-0-0.wav,4,6,gun_shot
118587-3-0-21.wav,7,3,dog_bark
145612-6-2-0.wav,8,6,gun_shot
34771-3-0-4.wav,5,3,dog_bark
86284-3-0-0.wav,5,3,dog_bark
159752-8-0-9.wav,4,8,siren
89211-3-0-0.wav,2,3,dog_bark
203913-8-0-11.wav,5,8,siren
175842-1-0-0.wav,10,1,car_horn
159738-8-0-1.wav,1,8,siren
161923-3-0-12.wav,6,3,dog_bark
74364-8-1-26.wav,10,8,siren
135527-6-14-0.wav,7,6,gun_shot
200161-3-6-0.wav,3,3,dog_bark
157866-8-0-25.wav,9,8,siren
118963-3-0-0.wav,1,3,dog_bark
51024-3-0-2.wav,10,3,dog_bark
70168-3-1-11.wav,8,3,dog_bark
74364-8-1-18.wav,10,8,siren
54858-3-2-0.wav,1,3,dog_bark
174294-6-0-0.wav,1,6,gun_shot
28808-1-0-9.wav,10,1,car_horn
156418-3-1-0.wav,3,3,dog_bark
24347-8-0-85.wav,4,8,siren
135528-6-1-0.wav,4,6,gun_shot
118279-8-0-0.wav,1,8,siren
157866-8-0-13.wav,9,8,siren
147672-3-0-0.wav,2,3,dog_bark
50885-3-0-4.wav,5,3,dog_bark
26255-3-8-0.wav,10,3,dog_bark
24074-1-0-5.wav,1,1,car_horn
81799-3-0-0.wav,7,3,dog_bark
4910-3-0-0.wav,6,3,dog_bark
94636-8-0-4.wav,3,8,siren
158608-8-0-9.wav,4,8,siren
157866-8-0-27.wav,9,8,siren
33696-3-6-1.wav,3,3,dog_bark
72265-3-5-0.wav,9,3,dog_bark
155283-1-0-0.wav,8,1,car_horn
111671-8-0-10.wav,5,8,siren
22601-8-0-51.wav,3,8,siren
107357-8-1-17.wav,7,8,siren
159744-8-0-6.wav,9,8,siren
128470-3-0-8.wav,10,3,dog_bark
23161-6-0-0.wav,4,6,gun_shot
156869-8-0-10.wav,5,8,siren
159748-8-0-0.wav,9,8,siren
20841-3-4-0.wav,3,3,dog_bark
159748-8-0-1.wav,9,8,siren
183989-3-1-18.wav,4,3,dog_bark
209672-3-3-0.wav,10,3,dog_bark
93567-8-0-10.wav,10,8,siren
157867-8-0-28.wav,1,8,siren
81799-3-0-1.wav,7,3,dog_bark
66601-8-0-4.wav,9,8,siren
135544-6-14-0.wav,6,6,gun_shot
162432-6-7-0.wav,5,6,gun_shot
24074-1-0-10.wav,1,1,car_horn
106905-8-0-1.wav,1,8,siren
69661-3-0-23.wav,10,3,dog_bark
28808-1-0-11.wav,10,1,car_horn
97193-3-0-0.wav,2,3,dog_bark
128470-3-0-1.wav,10,3,dog_bark
91396-8-0-3.wav,2,8,siren
117048-3-0-25.wav,3,3,dog_bark
143115-1-2-0.wav,6,1,car_horn
72259-1-9-8.wav,5,1,car_horn
162433-6-4-0.wav,8,6,gun_shot
101415-3-0-3.wav,1,3,dog_bark
102104-3-0-0.wav,2,3,dog_bark
24965-3-1-0.wav,7,3,dog_bark
159744-8-0-7.wav,9,8,siren
189846-3-1-0.wav,8,3,dog_bark
156869-8-0-7.wav,5,8,siren
74495-3-0-0.wav,2,3,dog_bark
61077-3-2-0.wav,8,3,dog_bark
159709-6-0-0.wav,10,6,gun_shot
22601-8-0-18.wav,3,8,siren
93567-8-0-17.wav,10,8,siren
74364-8-1-6.wav,10,8,siren
185436-1-6-0.wav,5,1,car_horn
22601-8-0-23.wav,3,8,siren
196400-6-0-0.wav,1,6,gun_shot
61077-3-3-0.wav,8,3,dog_bark
102871-8-0-3.wav,2,8,siren
148166-6-0-0.wav,9,6,gun_shot
24347-8-0-66.wav,4,8,siren
139948-3-1-0.wav,5,3,dog_bark
22601-8-0-4.wav,3,8,siren
162435-6-3-0.wav,4,6,gun_shot
126521-3-0-18.wav,5,3,dog_bark
69777-3-0-0.wav,9,3,dog_bark
22601-8-0-41.wav,3,8,siren
164053-8-1-0.wav,1,8,siren
162433-6-3-0.wav,8,6,gun_shot
157868-8-0-17.wav,8,8,siren
110371-3-0-1.wav,5,3,dog_bark
197320-6-10-0.wav,2,6,gun_shot
156869-8-0-2.wav,5,8,siren
162434-6-2-0.wav,6,6,gun_shot
148827-6-3-0.wav,7,6,gun_shot
184623-8-0-1.wav,3,8,siren
157866-8-0-10.wav,9,8,siren
117181-8-0-10.wav,8,8,siren
74726-8-2-2.wav,6,8,siren
185436-1-5-0.wav,5,1,car_horn
118101-3-0-4.wav,1,3,dog_bark
159751-8-0-8.wav,4,8,siren
20285-3-1-0.wav,5,3,dog_bark
7389-1-0-1.wav,4,1,car_horn
197318-6-3-0.wav,1,6,gun_shot
24074-1-0-3.wav,1,1,car_horn
57553-3-1-0.wav,1,3,dog_bark
173995-3-0-11.wav,2,3,dog_bark
157868-8-0-1.wav,8,8,siren
46656-6-4-0.wav,1,6,gun_shot
112195-3-0-48.wav,2,3,dog_bark
162432-6-11-0.wav,5,6,gun_shot
118279-8-0-12.wav,1,8,siren
207124-3-2-0.wav,3,3,dog_bark
81791-3-1-0.wav,10,3,dog_bark
74726-8-0-1.wav,6,8,siren
105289-8-2-7.wav,7,8,siren
165567-3-3-0.wav,9,3,dog_bark
208030-3-0-0.wav,6,3,dog_bark
26255-3-0-0.wav,10,3,dog_bark
7389-1-3-1.wav,4,1,car_horn
180156-1-12-0.wav,9,1,car_horn
143115-1-0-0.wav,6,1,car_horn
157867-8-0-11.wav,1,8,siren
100652-3-0-3.wav,2,3,dog_bark
197075-3-4-1.wav,6,3,dog_bark
22601-8-0-17.wav,3,8,siren
158608-8-0-2.wav,4,8,siren
106955-6-0-0.wav,9,6,gun_shot
159738-8-0-3.wav,1,8,siren
174994-3-0-2.wav,2,3,dog_bark
199769-1-0-9.wav,3,1,car_horn
7389-1-3-3.wav,4,1,car_horn
81799-3-1-0.wav,7,3,dog_bark
74364-8-1-25.wav,10,8,siren
28808-1-0-6.wav,10,1,car_horn
156869-8-0-6.wav,5,8,siren
20841-3-3-0.wav,3,3,dog_bark
14358-3-0-26.wav,6,3,dog_bark
108187-3-4-0.wav,2,3,dog_bark
41918-3-0-1.wav,4,3,dog_bark
11722-3-0-0.wav,10,3,dog_bark
93567-8-0-19.wav,10,8,siren
115537-3-0-0.wav,2,3,dog_bark
174293-6-2-0.wav,2,6,gun_shot
193394-3-0-7.wav,1,3,dog_bark
76094-6-1-0.wav,3,6,gun_shot
86279-3-0-0.wav,1,3,dog_bark
105289-8-1-3.wav,7,8,siren
197318-6-5-0.wav,1,6,gun_shot
145611-6-4-0.wav,5,6,gun_shot
174994-3-0-4.wav,2,3,dog_bark
74364-8-1-10.wav,10,8,siren
178118-3-1-0.wav,9,3,dog_bark
123688-8-0-18.wav,2,8,siren
75490-8-1-1.wav,6,8,siren
173993-3-0-51.wav,5,3,dog_bark
192236-3-0-6.wav,7,3,dog_bark
69777-3-0-1.wav,9,3,dog_bark
124389-8-1-3.wav,6,8,siren
24347-8-0-99.wav,4,8,siren
174282-6-1-0.wav,9,6,gun_shot
155294-3-0-0.wav,8,3,dog_bark
61077-3-0-0.wav,8,3,dog_bark
26176-1-0-0.wav,8,1,car_horn
162702-1-0-0.wav,6,1,car_horn
135160-8-0-6.wav,6,8,siren
54086-1-1-0.wav,10,1,car_horn
123688-8-0-4.wav,2,8,siren
69661-3-0-29.wav,10,3,dog_bark
123688-8-0-17.wav,2,8,siren
54898-8-0-7.wav,3,8,siren
95549-3-0-7.wav,8,3,dog_bark
7060-6-2-0.wav,7,6,gun_shot
12647-3-2-0.wav,3,3,dog_bark
30832-3-1-0.wav,4,3,dog_bark
93567-8-0-4.wav,10,8,siren
102871-8-0-2.wav,2,8,siren
24347-8-0-5.wav,4,8,siren
125523-3-0-11.wav,3,3,dog_bark
59800-3-3-1.wav,9,3,dog_bark
203913-8-1-0.wav,5,8,siren
71700-3-4-0.wav,8,3,dog_bark
24074-1-0-6.wav,1,1,car_horn
131199-3-0-0.wav,5,3,dog_bark
135544-6-9-0.wav,6,6,gun_shot
28808-1-0-3.wav,10,1,car_horn
135544-6-17-0.wav,6,6,gun_shot
72567-1-1-0.wav,2,1,car_horn
69883-3-0-5.wav,2,3,dog_bark
117181-8-0-6.wav,8,8,siren
135527-6-14-2.wav,7,6,gun_shot
184623-8-0-3.wav,3,8,siren
161922-3-2-0.wav,6,3,dog_bark
72259-1-1-0.wav,5,1,car_horn
7389-1-4-4.wav,4,1,car_horn
159754-8-4-0.wav,5,8,siren
54898-8-0-5.wav,3,8,siren
159751-8-0-17.wav,4,8,siren
123688-8-0-16.wav,2,8,siren
52171-3-6-1.wav,9,3,dog_bark
113785-3-0-0.wav,2,3,dog_bark
76090-6-1-0.wav,2,6,gun_shot
85664-3-0-0.wav,9,3,dog_bark
169261-6-0-0.wav,10,6,gun_shot
156869-8-0-1.wav,5,8,siren
57105-3-4-2.wav,9,3,dog_bark
148841-6-0-0.wav,5,6,gun_shot
72259-1-10-9.wav,5,1,car_horn
157866-8-0-20.wav,9,8,siren
72259-1-0-0.wav,5,1,car_horn
159742-8-0-8.wav,10,8,siren
90014-8-0-6.wav,3,8,siren
159748-8-0-4.wav,9,8,siren
4912-3-1-0.wav,6,3,dog_bark
177620-3-0-25.wav,9,3,dog_bark
24074-1-0-11.wav,1,1,car_horn
72221-3-1-0.wav,8,3,dog_bark
203913-8-0-5.wav,5,8,siren
159748-8-1-0.wav,9,8,siren
110134-3-0-0.wav,8,3,dog_bark
159744-8-0-10.wav,9,8,siren
199769-1-0-15.wav,3,1,car_horn
32318-3-0-1.wav,3,3,dog_bark
160575-3-0-0.wav,6,3,dog_bark
157867-8-0-27.wav,1,8,siren
159753-8-0-5.wav,4,8,siren
177620-3-0-21.wav,9,3,dog_bark
197318-6-7-0.wav,1,6,gun_shot
26256-3-5-22.wav,4,3,dog_bark
175854-1-0-0.wav,3,1,car_horn
173995-3-0-0.wav,2,3,dog_bark
124389-8-1-18.wav,6,8,siren
91396-8-0-2.wav,2,8,siren
35629-3-1-0.wav,4,3,dog_bark
159748-8-0-8.wav,9,8,siren
116400-3-1-2.wav,3,3,dog_bark
132073-1-0-0.wav,2,1,car_horn
155317-3-0-0.wav,6,3,dog_bark
111671-8-0-6.wav,5,8,siren
135526-6-12-0.wav,3,6,gun_shot
179860-1-0-0.wav,6,1,car_horn
203913-8-0-9.wav,5,8,siren
72724-3-1-0.wav,4,3,dog_bark
148632-8-0-13.wav,8,8,siren
165166-8-0-0.wav,10,8,siren
156418-3-0-0.wav,3,3,dog_bark
72259-1-10-14.wav,5,1,car_horn
118279-8-0-14.wav,1,8,siren
159751-8-0-3.wav,4,8,siren
72220-3-0-0.wav,10,3,dog_bark
175848-1-0-0.wav,6,1,car_horn
24347-8-0-84.wav,4,8,siren
24347-8-0-89.wav,4,8,siren
165166-8-0-5.wav,10,8,siren
175856-1-1-0.wav,8,1,car_horn
160093-3-0-0.wav,3,3,dog_bark
40722-8-0-0.wav,1,8,siren
118279-8-0-7.wav,1,8,siren
46391-1-0-0.wav,5,1,car_horn
109233-3-0-5.wav,6,3,dog_bark
133473-8-0-5.wav,8,8,siren
52633-3-0-8.wav,8,3,dog_bark
7383-3-0-1.wav,1,3,dog_bark
52441-3-1-2.wav,4,3,dog_bark
18594-1-2-0.wav,3,1,car_horn
148632-8-0-11.wav,8,8,siren
94868-1-1-0.wav,1,1,car_horn
72259-1-9-9.wav,5,1,car_horn
159702-6-1-0.wav,6,6,gun_shot
145683-6-5-0.wav,9,6,gun_shot
24347-8-0-42.wav,4,8,siren
180156-1-10-0.wav,9,1,car_horn
159744-8-0-4.wav,9,8,siren
24347-8-0-36.wav,4,8,siren
162433-6-0-0.wav,8,6,gun_shot
175844-1-0-0.wav,2,1,car_horn
157867-8-0-14.wav,1,8,siren
107357-8-0-5.wav,7,8,siren
52357-6-0-0.wav,3,6,gun_shot
123688-8-0-11.wav,2,8,siren
4201-3-0-0.wav,2,3,dog_bark
86284-3-1-0.wav,5,3,dog_bark
118101-3-0-6.wav,1,3,dog_bark
125791-3-0-15.wav,1,3,dog_bark
197074-3-0-4.wav,3,3,dog_bark
24347-8-0-59.wav,4,8,siren
89679-1-0-0.wav,7,1,car_horn
109711-3-2-4.wav,4,3,dog_bark
94636-8-0-11.wav,3,8,siren
197080-3-0-1.wav,7,3,dog_bark
162433-6-5-0.wav,8,6,gun_shot
145611-6-3-0.wav,5,6,gun_shot
145683-6-2-0.wav,9,6,gun_shot
111671-8-0-16.wav,5,8,siren
97756-3-0-0.wav,10,3,dog_bark
94636-8-0-13.wav,3,8,siren
159750-8-0-4.wav,2,8,siren
44110-3-0-0.wav,8,3,dog_bark
125791-3-0-9.wav,1,3,dog_bark
95536-3-0-2.wav,6,3,dog_bark
72259-1-7-21.wav,5,1,car_horn
133797-6-0-0.wav,6,6,gun_shot
159738-8-0-16.wav,1,8,siren
98525-8-0-0.wav,7,8,siren
203913-8-0-2.wav,5,8,siren
18581-3-0-0.wav,2,3,dog_bark
24347-8-0-63.wav,4,8,siren
42117-8-1-0.wav,3,8,siren
148632-8-0-3.wav,8,8,siren
176634-1-0-0.wav,2,1,car_horn
94868-1-2-0.wav,1,1,car_horn
50613-3-0-0.wav,8,3,dog_bark
125791-3-0-12.wav,1,3,dog_bark
191382-3-1-1.wav,5,3,dog_bark
159708-6-4-0.wav,7,6,gun_shot
188004-8-0-2.wav,6,8,siren
22347-3-0-0.wav,2,3,dog_bark
136399-6-4-0.wav,9,6,gun_shot
117181-8-0-1.wav,8,8,siren
135160-8-0-5.wav,6,8,siren
155488-3-2-0.wav,6,3,dog_bark
81722-3-0-28.wav,9,3,dog_bark
191687-3-0-0.wav,7,3,dog_bark
107357-8-1-5.wav,7,8,siren
24347-8-0-4.wav,4,8,siren
200460-6-5-0.wav,10,6,gun_shot
71312-3-0-1.wav,10,3,dog_bark
49808-3-0-6.wav,2,3,dog_bark
27216-3-0-9.wav,7,3,dog_bark
94636-8-0-17.wav,3,8,siren
159755-8-0-0.wav,9,8,siren
344-3-5-0.wav,4,3,dog_bark
24347-8-0-49.wav,4,8,siren
102853-8-0-2.wav,7,8,siren
157867-8-0-9.wav,1,8,siren
107357-8-1-14.wav,7,8,siren
24347-8-0-28.wav,4,8,siren
74726-8-0-8.wav,6,8,siren
199769-1-0-14.wav,3,1,car_horn
7389-1-0-7.wav,4,1,car_horn
81722-3-0-26.wav,9,3,dog_bark
135527-6-4-0.wav,7,6,gun_shot
93567-8-0-13.wav,10,8,siren
209672-3-8-0.wav,10,3,dog_bark
197080-3-0-6.wav,7,3,dog_bark
50885-3-0-2.wav,5,3,dog_bark
135160-8-0-1.wav,6,8,siren
28426-8-1-0.wav,5,8,siren
135527-6-3-0.wav,7,6,gun_shot
7389-1-4-3.wav,4,1,car_horn
73168-1-2-0.wav,9,1,car_horn
159751-8-0-13.wav,4,8,siren
159743-8-0-0.wav,2,8,siren
24347-8-0-51.wav,4,8,siren
148632-8-0-18.wav,8,8,siren
123688-8-0-8.wav,2,8,siren
40717-8-0-4.wav,2,8,siren
74364-8-1-7.wav,10,8,siren
66115-1-0-0.wav,10,1,car_horn
26177-1-1-0.wav,5,1,car_horn
162433-6-7-0.wav,8,6,gun_shot
71309-1-0-8.wav,8,1,car_horn
159750-8-0-3.wav,2,8,siren
135527-6-6-0.wav,7,6,gun_shot
40717-8-0-5.wav,2,8,siren
24347-8-0-58.wav,4,8,siren
185436-1-4-0.wav,5,1,car_horn
78776-6-0-0.wav,3,6,gun_shot
164053-8-0-0.wav,1,8,siren
107357-8-1-3.wav,7,8,siren
133473-8-0-1.wav,8,8,siren
155234-1-0-0.wav,2,1,car_horn
72259-1-9-12.wav,5,1,car_horn
185436-1-3-0.wav,5,1,car_horn
57323-8-0-9.wav,7,8,siren
184623-8-0-0.wav,3,8,siren
72259-1-7-17.wav,5,1,car_horn
7063-6-0-0.wav,9,6,gun_shot
151359-1-0-0.wav,3,1,car_horn
7389-1-2-2.wav,4,1,car_horn
71309-1-0-7.wav,8,1,car_horn
100648-1-2-0.wav,10,1,car_horn
136399-6-6-0.wav,9,6,gun_shot
197320-6-8-0.wav,2,6,gun_shot
155129-1-1-0.wav,2,1,car_horn
76094-6-0-0.wav,3,6,gun_shot
174292-6-0-0.wav,10,6,gun_shot
155130-1-1-0.wav,9,1,car_horn
180156-1-4-0.wav,9,1,car_horn
135528-6-4-1.wav,4,6,gun_shot
72259-1-7-20.wav,5,1,car_horn
174290-6-3-0.wav,1,6,gun_shot
72567-1-4-0.wav,2,1,car_horn
72259-1-3-0.wav,5,1,car_horn
19026-1-0-0.wav,1,1,car_horn
162431-6-2-0.wav,3,6,gun_shot
94401-1-0-0.wav,2,1,car_horn
128465-1-0-1.wav,6,1,car_horn
199769-1-0-3.wav,3,1,car_horn
135527-6-10-0.wav,7,6,gun_shot
77509-1-0-0.wav,5,1,car_horn
89679-1-1-0.wav,7,1,car_horn
7389-1-4-10.wav,4,1,car_horn
157207-6-1-0.wav,10,6,gun_shot
204765-1-0-0.wav,4,1,car_horn
155129-1-2-0.wav,2,1,car_horn
46656-6-5-0.wav,1,6,gun_shot
164667-6-0-0.wav,5,6,gun_shot
43803-1-0-0.wav,5,1,car_horn
34708-6-1-0.wav,3,6,gun_shot
28808-1-1-0.wav,10,1,car_horn
73168-1-0-0.wav,9,1,car_horn
179868-1-0-0.wav,10,1,car_horn
102305-6-0-0.wav,1,6,gun_shot
159701-6-4-0.wav,5,6,gun_shot
7389-1-4-14.wav,4,1,car_horn
174284-6-1-0.wav,7,6,gun_shot
72259-1-7-9.wav,5,1,car_horn
54086-1-2-0.wav,10,1,car_horn
84254-6-0-0.wav,5,6,gun_shot
23161-6-1-0.wav,4,6,gun_shot
72567-1-5-0.wav,2,1,car_horn
72259-1-7-3.wav,5,1,car_horn
179863-1-0-0.wav,3,1,car_horn
148837-6-2-0.wav,4,6,gun_shot
162540-1-1-0.wav,1,1,car_horn
32417-1-0-0.wav,3,1,car_horn
199769-1-0-13.wav,3,1,car_horn
161010-1-1-0.wav,4,1,car_horn
174285-6-2-0.wav,8,6,gun_shot
187356-1-4-0.wav,4,1,car_horn
159701-6-5-0.wav,5,6,gun_shot
28808-1-0-10.wav,10,1,car_horn
197320-6-1-0.wav,2,6,gun_shot
174292-6-2-0.wav,10,6,gun_shot
148838-6-1-0.wav,3,6,gun_shot
155130-1-0-0.wav,9,1,car_horn
135528-6-11-0.wav,4,6,gun_shot
68657-1-0-0.wav,6,1,car_horn
7060-6-1-0.wav,7,6,gun_shot
162434-6-1-0.wav,6,6,gun_shot
156091-1-0-0.wav,7,1,car_horn
34708-6-3-0.wav,3,6,gun_shot
71309-1-0-4.wav,8,1,car_horn
145611-6-2-0.wav,5,6,gun_shot
148838-6-0-0.wav,3,6,gun_shot
159702-6-4-0.wav,6,6,gun_shot
71309-1-2-0.wav,8,1,car_horn
163460-6-0-0.wav,2,6,gun_shot
72259-1-9-7.wav,5,1,car_horn
128465-1-0-6.wav,6,1,car_horn
28808-1-0-1.wav,10,1,car_horn
87562-6-0-0.wav,9,6,gun_shot
128465-1-0-7.wav,6,1,car_horn
135528-6-5-0.wav,4,6,gun_shot
180156-1-5-0.wav,9,1,car_horn
162540-1-0-0.wav,1,1,car_horn
24074-1-0-12.wav,1,1,car_horn
175856-1-2-0.wav,8,1,car_horn
7064-6-4-0.wav,4,6,gun_shot
43802-1-2-0.wav,6,1,car_horn
145608-6-0-0.wav,2,6,gun_shot
135527-6-14-8.wav,7,6,gun_shot
135544-6-15-0.wav,6,6,gun_shot
135526-6-9-0.wav,3,6,gun_shot
162436-6-0-0.wav,3,6,gun_shot
197320-6-5-0.wav,2,6,gun_shot
180156-1-11-0.wav,9,1,car_horn
28808-1-0-8.wav,10,1,car_horn
162432-6-8-0.wav,5,6,gun_shot
148827-6-2-0.wav,7,6,gun_shot
148827-6-0-0.wav,7,6,gun_shot
7066-6-1-0.wav,5,6,gun_shot
175856-1-0-0.wav,8,1,car_horn
72259-1-0-1.wav,5,1,car_horn
162432-6-9-0.wav,5,6,gun_shot
184355-1-0-0.wav,1,1,car_horn
162432-6-10-0.wav,5,6,gun_shot
191449-6-0-0.wav,5,6,gun_shot
72259-1-7-10.wav,5,1,car_horn
179858-1-0-0.wav,1,1,car_horn
197320-6-2-0.wav,2,6,gun_shot
148835-6-4-0.wav,6,6,gun_shot
26186-1-0-0.wav,9,1,car_horn
145206-6-5-0.wav,8,6,gun_shot
132073-1-2-0.wav,2,1,car_horn
72259-1-9-5.wav,5,1,car_horn
183894-1-7-0.wav,7,1,car_horn
25037-6-1-0.wav,10,6,gun_shot
135526-6-1-0.wav,3,6,gun_shot
128465-1-0-8.wav,6,1,car_horn
76091-6-0-0.wav,2,6,gun_shot
25039-6-1-0.wav,8,6,gun_shot
158978-6-0-0.wav,7,6,gun_shot
46656-6-1-0.wav,1,6,gun_shot
162431-6-0-0.wav,3,6,gun_shot
162432-6-3-0.wav,5,6,gun_shot
174840-1-0-0.wav,3,1,car_horn
157207-6-10-0.wav,10,6,gun_shot
110622-6-0-0.wav,3,6,gun_shot
145612-6-1-0.wav,8,6,gun_shot
118496-1-1-0.wav,3,1,car_horn
72567-1-2-1.wav,2,1,car_horn
159706-6-0-0.wav,8,6,gun_shot
178402-1-0-0.wav,10,1,car_horn
175843-1-0-0.wav,9,1,car_horn
135527-6-8-0.wav,7,6,gun_shot
135527-6-14-5.wav,7,6,gun_shot
179862-1-0-0.wav,4,1,car_horn
72567-1-2-4.wav,2,1,car_horn
205013-6-0-0.wav,10,6,gun_shot
71309-1-0-5.wav,8,1,car_horn
6984-1-0-0.wav,8,1,car_horn
135544-6-7-0.wav,6,6,gun_shot
164646-6-0-0.wav,10,6,gun_shot
185436-1-7-0.wav,5,1,car_horn
128465-1-0-0.wav,6,1,car_horn
72259-1-7-0.wav,5,1,car_horn
135526-6-10-0.wav,3,6,gun_shot
199769-1-0-10.wav,3,1,car_horn
187356-1-5-0.wav,4,1,car_horn
135526-6-3-0.wav,3,6,gun_shot
7064-6-2-0.wav,4,6,gun_shot
135544-6-2-0.wav,6,6,gun_shot
87275-1-2-0.wav,1,1,car_horn
176631-1-0-0.wav,3,1,car_horn
136399-6-7-0.wav,9,6,gun_shot
7061-6-0-0.wav,1,6,gun_shot
148828-6-1-0.wav,7,6,gun_shot
180156-1-3-0.wav,9,1,car_horn
34241-1-2-0.wav,7,1,car_horn
157799-6-0-0.wav,4,6,gun_shot
72259-1-10-12.wav,5,1,car_horn
43802-1-0-0.wav,6,1,car_horn
162431-6-1-0.wav,3,6,gun_shot
100648-1-0-0.wav,10,1,car_horn
72259-1-9-17.wav,5,1,car_horn
71439-1-2-0.wav,5,1,car_horn
197318-6-10-0.wav,1,6,gun_shot
24074-1-0-9.wav,1,1,car_horn
7389-1-4-9.wav,4,1,car_horn
148838-6-2-0.wav,3,6,gun_shot
148837-6-1-0.wav,4,6,gun_shot
2937-1-0-0.wav,10,1,car_horn
72259-1-10-10.wav,5,1,car_horn
58202-1-0-0.wav,2,1,car_horn
135526-6-2-0.wav,3,6,gun_shot
159701-6-2-0.wav,5,6,gun_shot
24076-1-1-0.wav,10,1,car_horn
46656-6-2-0.wav,1,6,gun_shot
159710-6-0-0.wav,2,6,gun_shot
83488-1-0-0.wav,7,1,car_horn
148841-6-1-0.wav,5,6,gun_shot
174284-6-0-0.wav,7,6,gun_shot
133797-6-1-0.wav,6,6,gun_shot
148841-6-2-0.wav,5,6,gun_shot
18594-1-4-0.wav,3,1,car_horn
145683-6-0-0.wav,9,6,gun_shot
132073-1-5-0.wav,2,1,car_horn
135526-6-13-0.wav,3,6,gun_shot
162432-6-2-0.wav,5,6,gun_shot
151359-1-1-0.wav,3,1,car_horn
145609-6-0-0.wav,5,6,gun_shot
180156-1-2-0.wav,9,1,car_horn
135544-6-6-0.wav,6,6,gun_shot
99812-1-1-0.wav,7,1,car_horn
29932-1-0-0.wav,6,1,car_horn
200460-6-0-0.wav,10,6,gun_shot
128465-1-0-2.wav,6,1,car_horn
7389-1-1-0.wav,4,1,car_horn
135528-6-12-0.wav,4,6,gun_shot
162540-1-2-0.wav,1,1,car_horn
174287-6-3-0.wav,9,6,gun_shot
9674-1-0-1.wav,3,1,car_horn
125520-1-2-0.wav,8,1,car_horn
143115-1-3-0.wav,6,1,car_horn
72567-1-2-0.wav,2,1,car_horn
100648-1-1-0.wav,10,1,car_horn
197320-6-11-0.wav,2,6,gun_shot
135527-6-14-9.wav,7,6,gun_shot
148834-6-0-0.wav,6,6,gun_shot
72259-1-5-2.wav,5,1,car_horn
148833-6-0-0.wav,6,6,gun_shot
159702-6-5-0.wav,6,6,gun_shot
161010-1-0-0.wav,4,1,car_horn
72567-1-3-0.wav,2,1,car_horn
72259-1-5-0.wav,5,1,car_horn
159708-6-1-0.wav,7,6,gun_shot
135527-6-12-0.wav,7,6,gun_shot
72259-1-9-3.wav,5,1,car_horn
162435-6-1-0.wav,4,6,gun_shot
7389-1-4-8.wav,4,1,car_horn
72259-1-9-0.wav,5,1,car_horn
135527-6-14-6.wav,7,6,gun_shot
72259-1-7-6.wav,5,1,car_horn
87275-1-3-0.wav,1,1,car_horn
162702-1-1-0.wav,6,1,car_horn
135527-6-13-0.wav,7,6,gun_shot
77246-6-0-0.wav,1,6,gun_shot
138468-1-0-0.wav,9,1,car_horn
71309-1-1-0.wav,8,1,car_horn
135526-6-4-0.wav,3,6,gun_shot
180960-6-0-0.wav,3,6,gun_shot
182474-1-0-0.wav,6,1,car_horn
200460-6-4-0.wav,10,6,gun_shot
7389-1-3-0.wav,4,1,car_horn
46656-6-3-0.wav,1,6,gun_shot
87275-1-5-0.wav,1,1,car_horn
35800-6-0-0.wav,2,6,gun_shot
162432-6-14-0.wav,5,6,gun_shot
7064-6-1-0.wav,4,6,gun_shot
52284-6-0-0.wav,8,6,gun_shot
157207-6-9-0.wav,10,6,gun_shot
176638-1-0-0.wav,1,1,car_horn
100648-1-3-0.wav,10,1,car_horn
72259-1-10-7.wav,5,1,car_horn
174290-6-2-0.wav,1,6,gun_shot
145683-6-1-0.wav,9,6,gun_shot
18594-1-3-0.wav,3,1,car_horn
125520-1-0-0.wav,8,1,car_horn
145608-6-2-0.wav,2,6,gun_shot
136399-6-1-0.wav,9,6,gun_shot
145683-6-4-0.wav,9,6,gun_shot
174289-6-3-0.wav,10,6,gun_shot
135526-6-7-0.wav,3,6,gun_shot
159702-6-3-0.wav,6,6,gun_shot
135544-6-19-0.wav,6,6,gun_shot
122690-6-0-0.wav,1,6,gun_shot
179866-1-1-0.wav,2,1,car_horn
99812-1-0-1.wav,7,1,car_horn
175845-1-0-0.wav,1,1,car_horn
156194-1-0-0.wav,1,1,car_horn
175850-1-0-0.wav,10,1,car_horn
71309-1-0-0.wav,8,1,car_horn
7062-6-0-0.wav,10,6,gun_shot
24074-1-0-7.wav,1,1,car_horn
180156-1-0-0.wav,9,1,car_horn
71439-1-3-0.wav,5,1,car_horn
72259-1-7-18.wav,5,1,car_horn
72259-1-10-0.wav,5,1,car_horn
157207-6-2-0.wav,10,6,gun_shot
161010-1-3-0.wav,4,1,car_horn
197320-6-4-0.wav,2,6,gun_shot
135527-6-11-0.wav,7,6,gun_shot
162435-6-2-0.wav,4,6,gun_shot
76091-6-2-0.wav,2,6,gun_shot
125520-1-3-0.wav,8,1,car_horn
200460-6-3-0.wav,10,6,gun_shot
7389-1-4-15.wav,4,1,car_horn
199769-1-0-4.wav,3,1,car_horn
174290-6-1-0.wav,1,6,gun_shot
157207-6-7-0.wav,10,6,gun_shot
72259-1-9-2.wav,5,1,car_horn
136399-6-0-0.wav,9,6,gun_shot
162541-1-2-0.wav,2,1,car_horn
175847-1-0-0.wav,3,1,car_horn
72259-1-10-6.wav,5,1,car_horn
135527-6-9-0.wav,7,6,gun_shot
65472-1-0-0.wav,5,1,car_horn
157207-6-0-0.wav,10,6,gun_shot
7389-1-3-4.wav,4,1,car_horn
24631-6-0-0.wav,7,6,gun_shot
76091-6-3-0.wav,2,6,gun_shot
199769-1-0-7.wav,3,1,car_horn
72567-1-2-3.wav,2,1,car_horn
72567-1-0-1.wav,2,1,car_horn
197318-6-6-0.wav,1,6,gun_shot
7389-1-2-0.wav,4,1,car_horn
135527-6-2-0.wav,7,6,gun_shot
136399-6-8-0.wav,9,6,gun_shot
135544-6-11-0.wav,6,6,gun_shot
135526-6-11-0.wav,3,6,gun_shot
72259-1-9-10.wav,5,1,car_horn
72259-1-6-0.wav,5,1,car_horn
159701-6-0-0.wav,5,6,gun_shot
43802-1-1-0.wav,6,1,car_horn
133797-6-2-0.wav,6,6,gun_shot
200460-6-2-0.wav,10,6,gun_shot
72259-1-7-2.wav,5,1,car_horn
132073-1-6-0.wav,2,1,car_horn
174294-6-2-0.wav,1,6,gun_shot
72259-1-5-3.wav,5,1,car_horn
183894-1-5-0.wav,7,1,car_horn
99812-1-2-0.wav,7,1,car_horn
71309-1-0-2.wav,8,1,car_horn
174285-6-0-0.wav,8,6,gun_shot
199769-1-0-6.wav,3,1,car_horn
159702-6-6-0.wav,6,6,gun_shot
185436-1-1-0.wav,5,1,car_horn
46655-6-0-0.wav,2,6,gun_shot
17124-1-0-0.wav,10,1,car_horn
171249-1-1-0.wav,4,1,car_horn
135544-6-3-0.wav,6,6,gun_shot
54187-1-0-1.wav,9,1,car_horn
197318-6-1-0.wav,1,6,gun_shot
174289-6-2-0.wav,10,6,gun_shot
171249-1-2-0.wav,4,1,car_horn
7389-1-4-13.wav,4,1,car_horn
135527-6-14-3.wav,7,6,gun_shot
34708-6-2-0.wav,3,6,gun_shot
77247-6-0-0.wav,5,6,gun_shot
86278-6-0-0.wav,1,6,gun_shot
157207-6-4-0.wav,10,6,gun_shot
54187-1-0-2.wav,9,1,car_horn
128465-1-0-3.wav,6,1,car_horn
159703-6-0-0.wav,5,6,gun_shot
175851-1-0-0.wav,1,1,car_horn
197320-6-9-0.wav,2,6,gun_shot
199769-1-0-12.wav,3,1,car_horn
175855-1-0-0.wav,4,1,car_horn
45256-1-0-0.wav,5,1,car_horn
71309-1-0-3.wav,8,1,car_horn
174841-1-0-0.wav,4,1,car_horn
131571-6-0-0.wav,8,6,gun_shot
138465-1-0-0.wav,8,1,car_horn
145206-6-1-0.wav,8,6,gun_shot
174287-6-0-0.wav,9,6,gun_shot
24076-1-0-0.wav,10,1,car_horn
24632-6-1-0.wav,4,6,gun_shot
180156-1-6-0.wav,9,1,car_horn
136399-6-9-0.wav,9,6,gun_shot
24632-6-0-0.wav,4,6,gun_shot
76090-6-0-0.wav,2,6,gun_shot
46391-1-1-0.wav,5,1,car_horn
72259-1-7-13.wav,5,1,car_horn
135527-6-14-4.wav,7,6,gun_shot
136399-6-5-0.wav,9,6,gun_shot
132073-1-4-0.wav,2,1,car_horn
46656-6-0-0.wav,1,6,gun_shot
128465-1-0-4.wav,6,1,car_horn
171249-1-0-0.wav,4,1,car_horn
72259-1-9-16.wav,5,1,car_horn
54187-1-0-0.wav,9,1,car_horn
72567-1-4-1.wav,2,1,car_horn
72259-1-8-0.wav,5,1,car_horn
72259-1-9-11.wav,5,1,car_horn
72259-1-2-0.wav,5,1,car_horn
162435-6-0-0.wav,4,6,gun_shot
151359-1-2-0.wav,3,1,car_horn
72567-1-4-5.wav,2,1,car_horn
179864-1-0-0.wav,2,1,car_horn
7389-1-4-6.wav,4,1,car_horn
72259-1-7-15.wav,5,1,car_horn
136399-6-2-0.wav,9,6,gun_shot
174289-6-1-0.wav,10,6,gun_shot
179866-1-0-0.wav,2,1,car_horn
132073-1-3-0.wav,2,1,car_horn
174292-6-1-0.wav,10,6,gun_shot
179867-1-0-0.wav,1,1,car_horn
145608-6-1-0.wav,2,6,gun_shot
162434-6-0-0.wav,6,6,gun_shot
145611-6-0-0.wav,5,6,gun_shot
71439-1-1-0.wav,5,1,car_horn
143115-1-4-0.wav,6,1,car_horn
34708-6-5-0.wav,3,6,gun_shot
161010-1-2-0.wav,4,1,car_horn
17074-1-0-0.wav,10,1,car_horn
50618-6-0-0.wav,4,6,gun_shot
107090-1-1-0.wav,8,1,car_horn
34708-6-0-0.wav,3,6,gun_shot
148827-6-1-0.wav,7,6,gun_shot
145612-6-3-0.wav,8,6,gun_shot
174282-6-0-0.wav,9,6,gun_shot
145206-6-3-0.wav,8,6,gun_shot
37236-6-0-0.wav,2,6,gun_shot
197320-6-7-0.wav,2,6,gun_shot
135528-6-4-0.wav,4,6,gun_shot
46654-6-0-0.wav,1,6,gun_shot
197318-6-9-0.wav,1,6,gun_shot
7064-6-3-0.wav,4,6,gun_shot
148835-6-2-0.wav,6,6,gun_shot
145609-6-1-0.wav,5,6,gun_shot
162432-6-6-0.wav,5,6,gun_shot
36403-6-0-0.wav,6,6,gun_shot
159702-6-0-0.wav,6,6,gun_shot
135527-6-0-0.wav,7,6,gun_shot
135527-6-5-0.wav,7,6,gun_shot
148827-6-4-0.wav,7,6,gun_shot
135527-6-7-0.wav,7,6,gun_shot
197318-6-11-0.wav,1,6,gun_shot
159708-6-0-0.wav,7,6,gun_shot
200460-6-1-0.wav,10,6,gun_shot
174290-6-0-0.wav,1,6,gun_shot
174289-6-0-0.wav,10,6,gun_shot
159701-6-6-0.wav,5,6,gun_shot
145206-6-4-0.wav,8,6,gun_shot
135528-6-4-2.wav,4,6,gun_shot
135528-6-0-0.wav,4,6,gun_shot
159708-6-5-0.wav,7,6,gun_shot
159705-6-0-0.wav,7,6,gun_shot
162433-6-2-0.wav,8,6,gun_shot
162431-6-3-0.wav,3,6,gun_shot
148837-6-0-0.wav,4,6,gun_shot
135528-6-10-0.wav,4,6,gun_shot
76091-6-5-0.wav,2,6,gun_shot
135526-6-0-0.wav,3,6,gun_shot
162432-6-1-0.wav,5,6,gun_shot
174293-6-1-0.wav,2,6,gun_shot
7064-6-5-0.wav,4,6,gun_shot
174287-6-1-0.wav,9,6,gun_shot
135526-6-6-0.wav,3,6,gun_shot
135526-6-5-0.wav,3,6,gun_shot
162432-6-5-0.wav,5,6,gun_shot
76093-6-1-0.wav,1,6,gun_shot
25038-6-1-0.wav,9,6,gun_shot
7067-6-0-0.wav,7,6,gun_shot
162433-6-8-0.wav,8,6,gun_shot
159702-6-2-0.wav,6,6,gun_shot
1_0.wav,11,10,default
1_1.wav,11,10,default
1_10.wav,11,10,default
1_11.wav,11,10,default
1_12.wav,11,10,default
1_13.wav,11,10,default
1_14.wav,11,10,default
1_2.wav,11,10,default
1_3.wav,11,10,default
1_4.wav,11,10,default
1_5.wav,11,10,default
1_6.wav,11,10,default
1_7.wav,11,10,default
1_8.wav,11,10,default
1_9.wav,11,10,default
2_0.wav,11,10,default
2_1.wav,11,10,default
2_2.wav,11,10,default
6_0.wav,11,10,default
6_1.wav,11,10,default
6_10.wav,11,10,default
6_11.wav,11,10,default
6_12.wav,11,10,default
6_13.wav,11,10,default
6_14.wav,11,10,default
6_15.wav,11,10,default
6_2.wav,11,10,default
6_3.wav,11,10,default
6_4.wav,11,10,default
6_5.wav,11,10,default
6_6.wav,11,10,default
6_7.wav,11,10,default
6_8.wav,11,10,default
6_9.wav,11,10,default
7_0.wav,11,10,default
7_1.wav,11,10,default
7_10.wav,11,10,default
7_11.wav,11,10,default
7_12.wav,11,10,default
7_13.wav,11,10,default
7_14.wav,11,10,default
7_15.wav,11,10,default
7_16.wav,11,10,default
7_17.wav,11,10,default
7_18.wav,11,10,default
7_2.wav,11,10,default
7_3.wav,11,10,default
7_4.wav,11,10,default
7_5.wav,11,10,default
7_6.wav,11,10,default
7_7.wav,11,10,default
7_8.wav,11,10,default
7_9.wav,11,10,default
11_0.wav,11,10,default
11_1.wav,11,10,default
11_10.wav,11,10,default
11_11.wav,11,10,default
11_12.wav,11,10,default
11_13.wav,11,10,default
11_14.wav,11,10,default
11_15.wav,11,10,default
11_16.wav,11,10,default
11_17.wav,11,10,default
11_18.wav,11,10,default
11_19.wav,11,10,default
11_2.wav,11,10,default
11_20.wav,11,10,default
11_3.wav,11,10,default
11_4.wav,11,10,default
11_5.wav,11,10,default
11_6.wav,11,10,default
11_7.wav,11,10,default
11_8.wav,11,10,default
11_9.wav,11,10,default
14_0.wav,11,10,default
14_1.wav,11,10,default
14_2.wav,11,10,default
14_3.wav,11,10,default
14_4.wav,11,10,default
14_5.wav,11,10,default
14_6.wav,11,10,default
14_7.wav,11,10,default
14_8.wav,11,10,default
14_9.wav,11,10,default
15_0.wav,11,10,default
15_1.wav,11,10,default
15_10.wav,11,10,default
15_11.wav,11,10,default
15_12.wav,11,10,default
15_13.wav,11,10,default
15_2.wav,11,10,default
15_3.wav,11,10,default
15_4.wav,11,10,default
15_5.wav,11,10,default
15_6.wav,11,10,default
15_7.wav,11,10,default
15_8.wav,11,10,default
15_9.wav,11,10,default
20_0.wav,11,10,default
20_1.wav,11,10,default
20_10.wav,11,10,default
20_11.wav,11,10,default
20_12.wav,11,10,default
20_2.wav,11,10,default
20_3.wav,11,10,default
20_4.wav,11,10,default
20_5.wav,11,10,default
20_6.wav,11,10,default
20_7.wav,11,10,default
20_8.wav,11,10,default
20_9.wav,11,10,default
21_0.wav,11,10,default
21_1.wav,11,10,default
21_10.wav,11,10,default
21_11.wav,11,10,default
21_12.wav,11,10,default
21_13.wav,11,10,default
21_14.wav,11,10,default
21_15.wav,11,10,default
21_16.wav,11,10,default
21_17.wav,11,10,default
21_18.wav,11,10,default
21_19.wav,11,10,default
21_2.wav,11,10,default
21_20.wav,11,10,default
21_3.wav,11,10,default
21_4.wav,11,10,default
21_5.wav,11,10,default
21_6.wav,11,10,default
21_7.wav,11,10,default
21_8.wav,11,10,default
21_9.wav,11,10,default
22_0.wav,11,10,default
22_1.wav,11,10,default
22_10.wav,11,10,default
22_11.wav,11,10,default
22_12.wav,11,10,default
22_13.wav,11,10,default
22_14.wav,11,10,default
22_15.wav,11,10,default
22_16.wav,11,10,default
22_17.wav,11,10,default
22_18.wav,11,10,default
22_19.wav,11,10,default
22_2.wav,11,10,default
22_20.wav,11,10,default
22_3.wav,11,10,default
22_4.wav,11,10,default
22_5.wav,11,10,default
22_6.wav,11,10,default
22_7.wav,11,10,default
22_8.wav,11,10,default
22_9.wav,11,10,default
23_0.wav,11,10,default
23_1.wav,11,10,default
23_10.wav,11,10,default
23_11.wav,11,10,default
23_12.wav,11,10,default
23_2.wav,11,10,default
23_3.wav,11,10,default
23_4.wav,11,10,default
23_5.wav,11,10,default
23_6.wav,11,10,default
23_7.wav,11,10,default
23_8.wav,11,10,default
23_9.wav,11,10,default
24_0.wav,11,10,default
24_1.wav,11,10,default
24_10.wav,11,10,default
24_11.wav,11,10,default
24_12.wav,11,10,default
24_13.wav,11,10,default
24_14.wav,11,10,default
24_15.wav,11,10,default
24_16.wav,11,10,default
24_17.wav,11,10,default
24_2.wav,11,10,default
24_3.wav,11,10,default
24_4.wav,11,10,default
24_5.wav,11,10,default
24_6.wav,11,10,default
24_7.wav,11,10,default
24_8.wav,11,10,default
24_9.wav,11,10,default
28_0.wav,11,10,default
28_1.wav,11,10,default
28_2.wav,11,10,default
28_3.wav,11,10,default
28_4.wav,11,10,default
29_0.wav,11,10,default
29_1.wav,11,10,default
29_2.wav,11,10,default
29_3.wav,11,10,default
29_4.wav,11,10,default
31_0.wav,11,10,default
31_1.wav,11,10,default
31_2.wav,11,10,default
31_3.wav,11,10,default
35_0.wav,11,10,default
35_1.wav,11,10,default
35_10.wav,11,10,default
35_11.wav,11,10,default
35_12.wav,11,10,default
35_13.wav,11,10,default
35_14.wav,11,10,default
35_15.wav,11,10,default
35_16.wav,11,10,default
35_17.wav,11,10,default
35_18.wav,11,10,default
35_2.wav,11,10,default
35_3.wav,11,10,default
35_4.wav,11,10,default
35_5.wav,11,10,default
35_6.wav,11,10,default
35_7.wav,11,10,default
35_8.wav,11,10,default
35_9.wav,11,10,default
39_0.wav,11,10,default
39_1.wav,11,10,default
39_2.wav,11,10,default
39_3.wav,11,10,default
39_4.wav,11,10,default
39_5.wav,11,10,default
1631837105.953926.wav,12,11,people_talking
1631837108.994026.wav,12,11,people_talking
1631837112.033468.wav,12,11,people_talking
1631837115.074218.wav,12,11,people_talking
1631837118.114516.wav,12,11,people_talking
1631837121.153877.wav,12,11,people_talking
1631837124.19536.wav,12,11,people_talking
1631837127.235295.wav,12,11,people_talking
1631837130.274.wav,12,11,people_talking
1631837133.314124.wav,12,11,people_talking
1631837136.355577.wav,12,11,people_talking
1631837139.394134.wav,12,11,people_talking
1631837142.434491.wav,12,11,people_talking
1631837145.474066.wav,12,11,people_talking
1631837148.514493.wav,12,11,people_talking
1631837151.554546.wav,12,11,people_talking
1631837154.593914.wav,12,11,people_talking
1631837157.634485.wav,12,11,people_talking
1631837160.676075.wav,12,11,people_talking
1631837163.713256.wav,12,11,people_talking
1631837166.75359.wav,12,11,people_talking
1631837169.795094.wav,12,11,people_talking
1631837172.835389.wav,12,11,people_talking
1631837175.875109.wav,12,11,people_talking
1631837178.915297.wav,12,11,people_talking
1631837181.954443.wav,12,11,people_talking
1631837184.994077.wav,12,11,people_talking
1631837188.035408.wav,12,11,people_talking
1631837191.074296.wav,12,11,people_talking
1631837194.112927.wav,12,11,people_talking
1631837197.1538.wav,12,11,people_talking
1631837200.194783.wav,12,11,people_talking
1631837203.234147.wav,12,11,people_talking
1631837206.275402.wav,12,11,people_talking
1631837209.314857.wav,12,11,people_talking
1631837212.35356.wav,12,11,people_talking
1631837215.394282.wav,12,11,people_talking
1631837218.433771.wav,12,11,people_talking
1631837221.473073.wav,12,11,people_talking
1631837224.51471.wav,12,11,people_talking
1631837227.554816.wav,12,11,people_talking
1631837230.593668.wav,12,11,people_talking
1631837233.634298.wav,12,11,people_talking
1631837236.674202.wav,12,11,people_talking
1631837239.713101.wav,12,11,people_talking
1631837242.754541.wav,12,11,people_talking
1631837245.794807.wav,12,11,people_talking
1631837248.833983.wav,12,11,people_talking
1631837251.874116.wav,12,11,people_talking
1631837254.91515.wav,12,11,people_talking
1631837257.953966.wav,12,11,people_talking
1631837260.993921.wav,12,11,people_talking
1631837264.03368.wav,12,11,people_talking
1631837267.074469.wav,12,11,people_talking
1631837270.11478.wav,12,11,people_talking
1631837273.153403.wav,12,11,people_talking
1631837276.19446.wav,12,11,people_talking
1631837279.234245.wav,12,11,people_talking
1631837282.274121.wav,12,11,people_talking
1631837285.315013.wav,12,11,people_talking
1631837288.354104.wav,12,11,people_talking
1631837291.393807.wav,12,11,people_talking
1631837294.43461.wav,12,11,people_talking
1631837297.475027.wav,12,11,people_talking
1631837300.514263.wav,12,11,people_talking
1631837303.553049.wav,12,11,people_talking
1631837306.593334.wav,12,11,people_talking
1631837309.633713.wav,12,11,people_talking
1631837312.673975.wav,12,11,people_talking
1631837315.713151.wav,12,11,people_talking
1631837318.75367.wav,12,11,people_talking
1631837321.795015.wav,12,11,people_talking
1631837324.834106.wav,12,11,people_talking
1631837327.874134.wav,12,11,people_talking
1631837330.914942.wav,12,11,people_talking
1631837333.955169.wav,12,11,people_talking
1631837336.993452.wav,12,11,people_talking
1631837340.033747.wav,12,11,people_talking
1631837343.073549.wav,12,11,people_talking
1631837346.113986.wav,12,11,people_talking
1631837349.153797.wav,12,11,people_talking
1631837352.195144.wav,12,11,people_talking
1631837355.233212.wav,12,11,people_talking
1631837358.273714.wav,12,11,people_talking
1631837361.314333.wav,12,11,people_talking
1631837364.354031.wav,12,11,people_talking
1631837367.393973.wav,12,11,people_talking
1631837370.433978.wav,12,11,people_talking
1631837373.475179.wav,12,11,people_talking
1631837376.513491.wav,12,11,people_talking
1631837379.554123.wav,12,11,people_talking
1631837382.594145.wav,12,11,people_talking
1631837400.057666.wav,12,11,people_talking
1631837403.07657.wav,12,11,people_talking
1631837406.080398.wav,12,11,people_talking
1631837409.097778.wav,12,11,people_talking
1631837412.105673.wav,12,11,people_talking
1631837415.165234.wav,12,11,people_talking
1631837418.214703.wav,12,11,people_talking
1631837421.216119.wav,12,11,people_talking
1631837424.233455.wav,12,11,people_talking
1631837427.269283.wav,12,11,people_talking
1631837430.337193.wav,12,11,people_talking
1631837433.341551.wav,12,11,people_talking
1631837436.352601.wav,12,11,people_talking
1631837439.362363.wav,12,11,people_talking
1631837442.375478.wav,12,11,people_talking
1631837445.409242.wav,12,11,people_talking
1631837448.437051.wav,12,11,people_talking
1631837451.493301.wav,12,11,people_talking
1631837454.533006.wav,12,11,people_talking
1631837457.573483.wav,12,11,people_talking
1631837460.613379.wav,12,11,people_talking
1631837463.65307.wav,12,11,people_talking
1631837466.693781.wav,12,11,people_talking
1631837469.733008.wav,12,11,people_talking
1631837472.772933.wav,12,11,people_talking
1631837475.813935.wav,12,11,people_talking
1631837478.854746.wav,12,11,people_talking
1631837481.89368.wav,12,11,people_talking
1631837484.932976.wav,12,11,people_talking
1631837487.973351.wav,12,11,people_talking
1631837491.013898.wav,12,11,people_talking
1631837494.053217.wav,12,11,people_talking
1631837497.094203.wav,12,11,people_talking
1631837500.13508.wav,12,11,people_talking
1631837503.174779.wav,12,11,people_talking
1631837506.214111.wav,12,11,people_talking
1631837509.253114.wav,12,11,people_talking
1631837512.292409.wav,12,11,people_talking
1631837515.334665.wav,12,11,people_talking
1631837518.375199.wav,12,11,people_talking
1631837521.413561.wav,12,11,people_talking
1631837524.453787.wav,12,11,people_talking
1631837527.493082.wav,12,11,people_talking
1631837530.533752.wav,12,11,people_talking
1631837533.574489.wav,12,11,people_talking
1631837536.614705.wav,12,11,people_talking
1631837539.652405.wav,12,11,people_talking
1631837542.693767.wav,12,11,people_talking
1631837545.73441.wav,12,11,people_talking
1631837548.774318.wav,12,11,people_talking
1631837551.813762.wav,12,11,people_talking
1631837554.854365.wav,12,11,people_talking
1631837557.892559.wav,12,11,people_talking
1631837560.963796.wav,12,11,people_talking
1631837564.013374.wav,12,11,people_talking
1631837567.043681.wav,12,11,people_talking
1631837570.093195.wav,12,11,people_talking
1631837573.124535.wav,12,11,people_talking
1631837576.164123.wav,12,11,people_talking
1631837579.204832.wav,12,11,people_talking
1631837582.253406.wav,12,11,people_talking
1631837585.283173.wav,12,11,people_talking
1631837588.322832.wav,12,11,people_talking
1631837591.364227.wav,12,11,people_talking
1631837594.413476.wav,12,11,people_talking
1631837597.44472.wav,12,11,people_talking
1631837600.492497.wav,12,11,people_talking
1631837603.52272.wav,12,11,people_talking
1631837606.563045.wav,12,11,people_talking
1631837609.61318.wav,12,11,people_talking
1631837612.653561.wav,12,11,people_talking
1631837615.683515.wav,12,11,people_talking
1631837618.723695.wav,12,11,people_talking
1631837621.762803.wav,12,11,people_talking
1631837624.802891.wav,12,11,people_talking
1631837627.844481.wav,12,11,people_talking
1631837630.894697.wav,12,11,people_talking
1631837633.923663.wav,12,11,people_talking
1631837636.96344.wav,12,11,people_talking
1631837640.004406.wav,12,11,people_talking
1631837643.043502.wav,12,11,people_talking
1631837646.083606.wav,12,11,people_talking
1631837649.123108.wav,12,11,people_talking
1631837652.173473.wav,12,11,people_talking
1631837655.203584.wav,12,11,people_talking
1631837658.243613.wav,12,11,people_talking
1631837661.283657.wav,12,11,people_talking
1631837664.323415.wav,12,11,people_talking
1631837667.363386.wav,12,11,people_talking
1631837670.403577.wav,12,11,people_talking
1631837673.453596.wav,12,11,people_talking
1631837676.483528.wav,12,11,people_talking
1631837679.533051.wav,12,11,people_talking
1631837682.564707.wav,12,11,people_talking
1631837685.604647.wav,12,11,people_talking
1631837688.642671.wav,12,11,people_talking
1631837691.693839.wav,12,11,people_talking
1631837694.733304.wav,12,11,people_talking
1631837697.764149.wav,12,11,people_talking
1631837700.803574.wav,12,11,people_talking
1631837703.852714.wav,12,11,people_talking
1631837706.892995.wav,12,11,people_talking
1631837709.933397.wav,12,11,people_talking
1631837712.964198.wav,12,11,people_talking
1631837716.01336.wav,12,11,people_talking
1631837719.043297.wav,12,11,people_talking
